id,name,location,properties,source
100539,Kemi Ajos,"(65.67337, 24.51526)","{'locationcode/name': 'Kemi Ajos', 'locationcode/geoid': '-100539', 'location/region': 'Kemi', 'location/country': 'Finland'}",FMI
100540,Raahe Lapaluoto,"(64.6663, 24.40708)","{'locationcode/name': 'Raahe Lapaluoto', 'locationcode/geoid': '-100540', 'location/region': 'Raahe', 'location/country': 'Finland'}",FMI
100656,Virolahti Koivuniemi Ääpälä,"(60.53002, 27.6754)","{'locationcode/name': 'Virolahti Koivuniemi Ääpälä', 'locationcode/geoid': '-100656', 'location/region': 'Virolahti', 'location/country': 'Finland'}",FMI
100662,Helsinki Kallio 2,"(60.18739, 24.9506)","{'locationcode/name': 'Helsinki Kallio 2', 'locationcode/geoid': '-100662', 'location/region': 'Helsinki', 'location/country': 'Finland'}",FMI
100669,Porvoo Emäsalo Vaarlahti,"(60.20579, 25.62509)","{'locationcode/name': 'Porvoo Emäsalo Vaarlahti', 'locationcode/geoid': '-100669', 'location/region': 'Porvoo', 'location/country': 'Finland'}",FMI
100683,Porvoo Kilpilahti satama,"(60.303725, 25.549164)","{'locationcode/name': 'Porvoo Kilpilahti satama', 'locationcode/geoid': '-16777356', 'locationcode/wmo': '02994', 'location/region': 'Porvoo', 'location/country': 'Finland'}",FMI
100691,Espoo Leppävaara Läkkisepänkuja,"(60.22024, 24.81133)","{'locationcode/name': 'Espoo Leppävaara Läkkisepänkuja', 'locationcode/geoid': '-100691', 'location/region': 'Espoo', 'location/country': 'Finland'}",FMI
100723,Espoo Luukki,"(60.31439, 24.68486)","{'locationcode/name': 'Espoo Luukki', 'locationcode/geoid': '-100723', 'location/region': 'Espoo', 'location/country': 'Finland'}",FMI
100742,Helsinki Mannerheimintie,"(60.16964, 24.93924)","{'locationcode/name': 'Helsinki Mannerheimintie', 'locationcode/geoid': '-100742', 'location/region': 'Helsinki', 'location/country': 'Finland'}",FMI
100761,Kotka Kuusenkari,"(60.271767, 27.107889)","{'locationcode/name': 'Kotka Kuusenkari', 'locationcode/geoid': '-100761', 'location/region': 'Kotka', 'location/country': 'Finland'}",FMI
100762,Helsinki Mäkelänkatu,"(60.19644, 24.95198)","{'locationcode/name': 'Helsinki Mäkelänkatu', 'locationcode/geoid': '-100762', 'location/region': 'Helsinki', 'location/country': 'Finland'}",FMI
100763,Vantaa Tikkurila Neilikkatie,"(60.28995, 25.03953)","{'locationcode/name': 'Vantaa Tikkurila Neilikkatie', 'locationcode/geoid': '-100763', 'location/region': 'Vantaa', 'location/country': 'Finland'}",FMI
100803,Helsinki Vartiokylä Huivipolku,"(60.22393, 25.10244)","{'locationcode/name': 'Helsinki Vartiokylä Huivipolku', 'locationcode/geoid': '-100803', 'location/region': 'Helsinki', 'location/country': 'Finland'}",FMI
100823,Kaarina Kaarina,"(60.40831, 22.37835)","{'locationcode/name': 'Kaarina Kaarina', 'locationcode/geoid': '-100823', 'location/region': 'Kaarina', 'location/country': 'Finland'}",FMI
100824,Naantali keskusta Asematori,"(60.46744, 22.0284)","{'locationcode/name': 'Naantali keskusta Asematori', 'locationcode/geoid': '-100824', 'location/region': 'Naantali', 'location/country': 'Finland'}",FMI
100843,Parainen Parainen,"(60.30372, 22.28294)","{'locationcode/name': 'Parainen Parainen', 'locationcode/geoid': '-100843', 'location/region': 'Parainen', 'location/country': 'Finland'}",FMI
100845,Turku Ruissalo Saarontie,"(60.42532, 22.09611)","{'locationcode/name': 'Turku Ruissalo Saarontie', 'locationcode/geoid': '-100845', 'location/region': 'Turku', 'location/country': 'Finland'}",FMI
100882,Kuopio Haminalahti,"(62.8497, 27.5288)","{'locationcode/name': 'Kuopio Haminalahti', 'locationcode/geoid': '-100882', 'location/region': 'Kuopio', 'location/country': 'Finland'}",FMI
100907,Jomala Maarianhamina lentoasema,"(60.127351, 19.900379)","{'locationcode/name': 'Jomala Maarianhamina lentoasema', 'locationcode/geoid': '-16000195', 'locationcode/wmo': '02970', 'locationcode/icao': 'EFMA', 'location/region': 'Jomala', 'location/country': 'Finland'}",FMI
100908,Parainen Utö,"(59.779094, 21.374788)","{'locationcode/name': 'Parainen Utö', 'locationcode/geoid': '-16000054', 'locationcode/wmo': '02981', 'location/region': 'Parainen', 'location/country': 'Finland'}",FMI
100909,Lemland Nyhamn,"(59.959108, 19.953736)","{'locationcode/name': 'Lemland Nyhamn', 'locationcode/geoid': '-16000086', 'locationcode/wmo': '02980', 'location/region': 'Lemland', 'location/country': 'Finland'}",FMI
100917,Jomala Jomalaby,"(60.178236, 19.986864)","{'locationcode/name': 'Jomala Jomalaby', 'locationcode/geoid': '-16000031', 'locationcode/wmo': '02741', 'location/region': 'Jomala', 'location/country': 'Finland'}",FMI
100919,Hammarland Märket,"(60.30098, 19.13142)","{'locationcode/name': 'Hammarland Märket', 'locationcode/geoid': '-16000058', 'locationcode/wmo': '02993', 'location/region': 'Eckerö', 'location/country': 'Finland'}",FMI
100921,Kökar Bogskär,"(59.504544, 20.347475)","{'locationcode/name': 'Kökar Bogskär', 'locationcode/geoid': '-16000033', 'locationcode/wmo': '02979', 'location/region': 'Kökar', 'location/country': 'Finland'}",FMI
100924,Parainen Fagerholm,"(60.111626, 21.698278)","{'locationcode/name': 'Parainen Fagerholm', 'locationcode/geoid': '-16000043', 'locationcode/wmo': '02950', 'location/region': 'Parainen', 'location/country': 'Finland'}",FMI
100928,Kumlinge kirkonkylä,"(60.258229, 20.746975)","{'locationcode/name': 'Kumlinge kirkonkylä', 'locationcode/geoid': '-16000116', 'locationcode/wmo': '02790', 'location/region': 'Kumlinge', 'location/country': 'Finland'}",FMI
100929,Maarianhamina Badhusberget,"(60.100976, 19.92564)","{'locationcode/name': 'Maarianhamina Badhusberget', 'locationcode/geoid': '-16000198', 'locationcode/wmo': '02969', 'location/region': 'Maarianhamina', 'location/country': 'Finland'}",FMI
100932,Hanko Russarö,"(59.773633, 22.948683)","{'locationcode/name': 'Hanko Russarö', 'locationcode/geoid': '-16000163', 'locationcode/wmo': '02982', 'location/region': 'Hanko', 'location/country': 'Finland'}",FMI
100934,Kaarina Yltöinen,"(60.386903, 22.551826)","{'locationcode/name': 'Kaarina Yltöinen', 'locationcode/geoid': '-16000021', 'locationcode/wmo': '02828', 'location/region': 'Kaarina', 'location/country': 'Finland'}",FMI
100945,Kemiönsaari Vänö,"(59.86949, 22.193427)","{'locationcode/name': 'Kemiönsaari Vänö', 'locationcode/geoid': '-16000044', 'locationcode/wmo': '02743', 'location/region': 'Kemiönsaari', 'location/country': 'Finland'}",FMI
100946,Hanko Tulliniemi,"(59.808642, 22.912464)","{'locationcode/name': 'Hanko Tulliniemi', 'locationcode/geoid': '-16000011', 'locationcode/wmo': '02746', 'location/region': 'Hanko', 'location/country': 'Finland'}",FMI
100947,Turku Rajakari,"(60.37788, 22.0964)","{'locationcode/name': 'Turku Rajakari', 'locationcode/geoid': '-16000066', 'locationcode/wmo': '02747', 'location/region': 'Turku', 'location/country': 'Finland'}",FMI
100949,Turku Artukainen,"(60.454391, 22.178695)","{'locationcode/name': 'Turku Artukainen', 'locationcode/geoid': '-16000132', 'locationcode/wmo': '02773', 'location/region': 'Turku', 'location/country': 'Finland'}",FMI
100951,Kemiönsaari Kemiö,"(60.171231, 22.757684)","{'locationcode/name': 'Kemiönsaari Kemiö', 'locationcode/geoid': '-16011850', 'locationcode/wmo': '02906', 'location/region': 'Kemiönsaari', 'location/country': 'Finland'}",FMI
100953,Hanko Tvärminne,"(59.843831, 23.248587)","{'locationcode/name': 'Hanko Tvärminne', 'locationcode/geoid': '-16000061', 'locationcode/wmo': '02750', 'location/region': 'Hanko', 'location/country': 'Finland'}",FMI
100955,Salo Kärkkä,"(60.373921, 23.112918)","{'locationcode/name': 'Salo Kärkkä', 'locationcode/geoid': '-16000012', 'locationcode/wmo': '02756', 'location/region': 'Salo', 'location/country': 'Finland'}",FMI
100963,Lohja Leppäkorpi,"(60.491373, 23.766286)","{'locationcode/name': 'Lohja Leppäkorpi', 'locationcode/geoid': '-100963', 'location/region': 'Lohja', 'location/country': 'Finland'}",FMI
100965,Raasepori Jussarö,"(59.820758, 23.57309)","{'locationcode/name': 'Raasepori Jussarö', 'locationcode/geoid': '-16000041', 'locationcode/wmo': '02757', 'location/region': 'Raasepori', 'location/country': 'Finland'}",FMI
100967,Salo Kiikala lentokenttä,"(60.464154, 23.649757)","{'locationcode/name': 'Salo Kiikala lentokenttä', 'locationcode/geoid': '-16000126', 'locationcode/wmo': '02777', 'location/region': 'Salo', 'location/country': 'Finland'}",FMI
100968,Vantaa Helsinki-Vantaan lentoasema,"(60.3267, 24.95675)","{'locationcode/name': 'Vantaa Helsinki-Vantaan lentoasema', 'locationcode/geoid': '-16000063', 'locationcode/wmo': '02974', 'locationcode/icao': 'EFHK', 'location/region': 'Vantaa', 'location/country': 'Finland'}",FMI
100969,Inkoo Bågaskär,"(59.931136, 24.014082)","{'locationcode/name': 'Inkoo Bågaskär', 'locationcode/geoid': '-16000158', 'locationcode/wmo': '02984', 'location/region': 'Inkoo', 'location/country': 'Finland'}",FMI
100971,Helsinki Kaisaniemi,"(60.17523, 24.94459)","{'locationcode/name': 'Helsinki Kaisaniemi', 'locationcode/geoid': '-16000150', 'locationcode/wmo': '02978', 'location/region': 'Helsinki', 'location/country': 'Finland'}",FMI
100974,Lohja Porla,"(60.244455, 24.049514)","{'locationcode/name': 'Lohja Porla', 'locationcode/geoid': '-16000023', 'locationcode/wmo': '02706', 'location/region': 'Lohja', 'location/country': 'Finland'}",FMI
100976,Vihti Maasoja,"(60.418755, 24.398622)","{'locationcode/name': 'Vihti Maasoja', 'locationcode/geoid': '-16000165', 'locationcode/wmo': '02758', 'location/region': 'Vihti', 'location/country': 'Finland'}",FMI
100996,Helsinki Harmaja,"(60.10512, 24.97539)","{'locationcode/name': 'Helsinki Harmaja', 'locationcode/geoid': '-16000153', 'locationcode/wmo': '02795', 'location/region': 'Helsinki', 'location/country': 'Finland'}",FMI
100997,Kirkkonummi Mäkiluoto,"(59.919823, 24.350229)","{'locationcode/name': 'Kirkkonummi Mäkiluoto', 'locationcode/geoid': '-16000119', 'locationcode/wmo': '02794', 'location/region': 'Kirkkonummi', 'location/country': 'Finland'}",FMI
101000,Espoo Latokaski,"(60.17771, 24.64009)","{'locationcode/name': 'Espoo Latokaski', 'locationcode/geoid': '-16000092', 'locationcode/wmo': '02838', 'location/region': 'Espoo', 'location/country': 'Finland'}",FMI
101003,Helsinki Helsingin majakka,"(59.948981, 24.926311)","{'locationcode/name': 'Helsinki Helsingin majakka', 'locationcode/geoid': '-16000134', 'locationcode/wmo': '02989', 'location/region': 'Helsinki', 'location/country': 'Finland'}",FMI
101004,Helsinki Kumpula,"(60.203071, 24.961305)","{'locationcode/name': 'Helsinki Kumpula', 'locationcode/geoid': '-16000138', 'locationcode/wmo': '02998', 'location/region': 'Helsinki', 'location/country': 'Finland'}",FMI
101009,Helsinki Malmi lentokenttä,"(60.25299, 25.04549)","{'locationcode/name': 'Helsinki Malmi lentokenttä', 'locationcode/geoid': '-101009', 'location/region': 'Helsinki', 'location/country': 'Finland'}",FMI
101022,Porvoo Kalbådagrund,"(59.985683, 25.598788)","{'locationcode/name': 'Porvoo Kalbådagrund', 'locationcode/geoid': '-16000007', 'locationcode/wmo': '02987', 'location/region': 'Porvoo', 'location/country': 'Finland'}",FMI
101023,Porvoo Emäsalo,"(60.20382, 25.62546)","{'locationcode/name': 'Porvoo Emäsalo', 'locationcode/geoid': '-16000110', 'locationcode/wmo': '02991', 'location/region': 'Porvoo', 'location/country': 'Finland'}",FMI
101028,Porvoo Harabacka,"(60.391715, 25.607297)","{'locationcode/name': 'Porvoo Harabacka', 'locationcode/geoid': '-16000142', 'locationcode/wmo': '02759', 'location/region': 'Porvoo', 'location/country': 'Finland'}",FMI
101030,Kotka Rankki,"(60.375377, 26.958926)","{'locationcode/name': 'Kotka Rankki', 'locationcode/geoid': '-16000076', 'locationcode/wmo': '02976', 'location/region': 'Kotka', 'location/country': 'Finland'}",FMI
101039,Loviisa Orrengrund,"(60.274765, 26.447587)","{'locationcode/name': 'Loviisa Orrengrund', 'locationcode/geoid': '-16000050', 'locationcode/wmo': '02992', 'location/region': 'Loviisa', 'location/country': 'Finland'}",FMI
101042,Kotka Haapasaari,"(60.286758, 27.184825)","{'locationcode/name': 'Kotka Haapasaari', 'locationcode/geoid': '-16000147', 'locationcode/wmo': '02967', 'location/region': 'Kotka', 'location/country': 'Finland'}",FMI
101044,Pori lentoasema,"(61.460112, 21.808395)","{'locationcode/name': 'Pori lentoasema', 'locationcode/geoid': '-101044', 'locationcode/wmo': '02952', 'locationcode/icao': 'EFPO', 'location/region': 'Pori', 'location/country': 'Finland'}",FMI
101049,Uusikaupunki Itätulli,"(60.801833, 21.424778)","{'locationcode/name': 'Uusikaupunki Itätulli', 'locationcode/geoid': '-101049', 'location/region': 'Uusikaupunki', 'location/country': 'Finland'}",FMI
101059,Kustavi Isokari,"(60.722198, 21.02681)","{'locationcode/name': 'Kustavi Isokari', 'locationcode/geoid': '-16000055', 'locationcode/wmo': '02964', 'location/region': 'Kustavi', 'location/country': 'Finland'}",FMI
101061,Rauma Kylmäpihlaja,"(61.14475, 21.30273)","{'locationcode/name': 'Rauma Kylmäpihlaja', 'locationcode/geoid': '-16000008', 'locationcode/wmo': '02761', 'location/region': 'Rauma', 'location/country': 'Finland'}",FMI
101064,Pori rautatieasema,"(61.478925, 21.783196)","{'locationcode/name': 'Pori rautatieasema', 'locationcode/geoid': '-16011678', 'locationcode/wmo': '02926', 'location/region': 'Pori', 'location/country': 'Finland'}",FMI
101065,Turku lentoasema,"(60.515647, 22.279155)","{'locationcode/name': 'Turku lentoasema', 'locationcode/geoid': '-101065', 'locationcode/wmo': '02972', 'locationcode/icao': 'EFTU', 'location/region': 'Turku', 'location/country': 'Finland'}",FMI
101068,Kokemäki Rausenkulma,"(61.26002, 22.22752)","{'locationcode/name': 'Kokemäki Rausenkulma', 'locationcode/geoid': '-16000164', 'locationcode/wmo': '02762', 'location/region': 'Kokemäki', 'location/country': 'Finland'}",FMI
101075,Huittinen Sallila,"(61.02353, 22.69863)","{'locationcode/name': 'Huittinen Sallila', 'locationcode/geoid': '-101075', 'location/region': 'Huittinen', 'location/country': 'Finland'}",FMI
101081,Oripää Teinikivi,"(60.9043, 22.71165)","{'locationcode/name': 'Oripää Teinikivi', 'locationcode/geoid': '-101081', 'location/region': 'Oripää', 'location/country': 'Finland'}",FMI
101093,Pöytyä Yläne,"(60.870472, 22.386111)","{'locationcode/name': 'Pöytyä Yläne', 'locationcode/geoid': '-101093', 'location/region': 'Pöytyä', 'location/country': 'Finland'}",FMI
101103,Kokemäki Tulkkila,"(61.25294, 22.34613)","{'locationcode/name': 'Kokemäki Tulkkila', 'locationcode/geoid': '-16011858', 'locationcode/wmo': '02937', 'location/region': 'Kokemäki', 'location/country': 'Finland'}",FMI
101104,Jokioinen Ilmala,"(60.813972, 23.49825)","{'locationcode/name': 'Jokioinen Ilmala', 'locationcode/geoid': '-16000162', 'locationcode/wmo': '02963', 'location/region': 'Jokioinen', 'location/country': 'Finland'}",FMI
101116,Nokia Tottijärvi,"(61.39648, 23.33637)","{'locationcode/name': 'Nokia Tottijärvi', 'locationcode/geoid': '-101116', 'location/region': 'Nokia', 'location/country': 'Finland'}",FMI
101118,Pirkkala Tampere-Pirkkala lentoasema,"(61.419402, 23.622561)","{'locationcode/name': 'Pirkkala Tampere-Pirkkala lentoasema', 'locationcode/geoid': '-16000006', 'locationcode/wmo': '02944', 'locationcode/icao': 'EFTP', 'location/region': 'Pirkkala', 'location/country': 'Finland'}",FMI
101124,Tampere Härmälä,"(61.465606, 23.746783)","{'locationcode/name': 'Tampere Härmälä', 'locationcode/geoid': '-16000156', 'locationcode/wmo': '02763', 'location/region': 'Tampere', 'location/country': 'Finland'}",FMI
101128,Somero Salkola,"(60.64668, 23.80559)","{'locationcode/name': 'Somero Salkola', 'locationcode/geoid': '-16011860', 'locationcode/wmo': '02949', 'location/region': 'Somero', 'location/country': 'Finland'}",FMI
101130,Hyvinkää Hyvinkäänkylä,"(60.595889, 24.802972)","{'locationcode/name': 'Hyvinkää Hyvinkäänkylä', 'locationcode/geoid': '-16000152', 'locationcode/wmo': '02829', 'location/region': 'Hyvinkää', 'location/country': 'Finland'}",FMI
101135,Vihti Hiiskula,"(60.51583, 24.52403)","{'locationcode/name': 'Vihti Hiiskula', 'locationcode/geoid': '-101135', 'location/region': 'Vihti', 'location/country': 'Finland'}",FMI
101143,Hämeenlinna Pirttikoski,"(61.006648, 23.920059)","{'locationcode/name': 'Hämeenlinna Pirttikoski', 'locationcode/geoid': '-101143', 'location/region': 'Hämeenlinna', 'location/country': 'Finland'}",FMI
101149,Nurmijärvi Röykkä,"(60.508722, 24.65375)","{'locationcode/name': 'Nurmijärvi Röykkä', 'locationcode/geoid': '-16000151', 'locationcode/wmo': '02983', 'location/region': 'Nurmijärvi', 'location/country': 'Finland'}",FMI
101150,Hämeenlinna Katinen,"(60.999201, 24.491625)","{'locationcode/name': 'Hämeenlinna Katinen', 'locationcode/geoid': '-16000125', 'locationcode/wmo': '02754', 'location/region': 'Hämeenlinna', 'location/country': 'Finland'}",FMI
101151,Hattula Lepaa,"(61.114537, 24.324488)","{'locationcode/name': 'Hattula Lepaa', 'locationcode/geoid': '-16000197', 'locationcode/wmo': '02704', 'location/region': 'Hattula', 'location/country': 'Finland'}",FMI
101154,Hämeenlinna Lammi Pappila,"(61.054083, 25.038444)","{'locationcode/name': 'Hämeenlinna Lammi Pappila', 'locationcode/geoid': '-16000032', 'locationcode/wmo': '02767', 'location/region': 'Hämeenlinna', 'location/country': 'Finland'}",FMI
101185,Asikkala Pulkkilanharju,"(61.26521, 25.520206)","{'locationcode/name': 'Asikkala Pulkkilanharju', 'locationcode/geoid': '-16000067', 'locationcode/wmo': '02727', 'location/region': 'Asikkala', 'location/country': 'Finland'}",FMI
101188,Hämeenlinna Kotinen,"(61.23993, 25.06506)","{'locationcode/name': 'Hämeenlinna Kotinen', 'locationcode/geoid': '-101188', 'location/region': 'Hämeenlinna', 'location/country': 'Finland'}",FMI
101191,Kouvola Utti lentoasema,"(60.898392, 26.948819)","{'locationcode/name': 'Kouvola Utti lentoasema', 'locationcode/geoid': '-16000073', 'locationcode/wmo': '02966', 'locationcode/icao': 'EFUT', 'location/region': 'Kouvola', 'location/country': 'Finland'}",FMI
101194,Kouvola Anjala,"(60.6965, 26.811056)","{'locationcode/name': 'Kouvola Anjala', 'locationcode/geoid': '-16000060', 'locationcode/wmo': '02830', 'location/region': 'Kouvola', 'location/country': 'Finland'}",FMI
101196,Heinola Asemantaus,"(61.200083, 26.049667)","{'locationcode/name': 'Heinola Asemantaus', 'locationcode/geoid': '-16000071', 'locationcode/wmo': '02768', 'location/region': 'Heinola', 'location/country': 'Finland'}",FMI
101211,Kouvola Voikoski,"(61.25137, 26.77904)","{'locationcode/name': 'Kouvola Voikoski', 'locationcode/geoid': '-101211', 'location/region': 'Kouvola', 'location/country': 'Finland'}",FMI
101219,Kouvola Utti Lentoportintie,"(60.89077, 26.92915)","{'locationcode/name': 'Kouvola Utti Lentoportintie', 'locationcode/geoid': '-16011682', 'locationcode/wmo': '02956', 'location/region': 'Kouvola', 'location/country': 'Finland'}",FMI
101231,Virolahti Koivuniemi,"(60.527197, 27.672743)","{'locationcode/name': 'Virolahti Koivuniemi', 'locationcode/geoid': '-16000077', 'locationcode/wmo': '02831', 'location/region': 'Virolahti', 'location/country': 'Finland'}",FMI
101237,Lappeenranta lentoasema,"(61.040298, 28.129162)","{'locationcode/name': 'Lappeenranta lentoasema', 'locationcode/geoid': '-16000004', 'locationcode/wmo': '02958', 'locationcode/icao': 'EFLP', 'location/region': 'Lappeenranta', 'location/country': 'Finland'}",FMI
101246,Lappeenranta Konnunsuo,"(61.038791, 28.563954)","{'locationcode/name': 'Lappeenranta Konnunsuo', 'locationcode/geoid': '-16000065', 'locationcode/wmo': '02733', 'location/region': 'Lappeenranta', 'location/country': 'Finland'}",FMI
101247,Lappeenranta Lepola,"(61.05754, 28.20873)","{'locationcode/name': 'Lappeenranta Lepola', 'locationcode/geoid': '-16000169', 'locationcode/wmo': '02959', 'location/region': 'Lappeenranta', 'location/country': 'Finland'}",FMI
101248,Ruokolahti Kotaniemi,"(61.367507, 28.67649)","{'locationcode/name': 'Ruokolahti Kotaniemi', 'locationcode/geoid': '-101248', 'location/region': 'Ruokolahti', 'location/country': 'Finland'}",FMI
101252,Lappeenranta Hiekkapakka,"(61.1982, 28.47308)","{'locationcode/name': 'Lappeenranta Hiekkapakka', 'locationcode/geoid': '-16011856', 'locationcode/wmo': '02919', 'location/region': 'Lappeenranta', 'location/country': 'Finland'}",FMI
101254,Parikkala Koitsanlahti,"(61.444667, 29.461083)","{'locationcode/name': 'Parikkala Koitsanlahti', 'locationcode/geoid': '-16000135', 'locationcode/wmo': '02734', 'location/region': 'Parikkala', 'location/country': 'Finland'}",FMI
101256,Kaskinen Sälgrund,"(62.333816, 21.190813)","{'locationcode/name': 'Kaskinen Sälgrund', 'locationcode/geoid': '-16011874', 'locationcode/wmo': '02931', 'location/region': 'Kaskinen', 'location/country': 'Finland'}",FMI
101257,Merikarvia Tuorila,"(61.84847, 21.65092)","{'locationcode/name': 'Merikarvia Tuorila', 'locationcode/geoid': '-101257', 'location/region': 'Merikarvia', 'location/country': 'Finland'}",FMI
101258,Isojoki Kärjenkoski,"(62.130278, 21.698722)","{'locationcode/name': 'Isojoki Kärjenkoski', 'locationcode/geoid': '-101258', 'location/region': 'Isojoki', 'location/country': 'Finland'}",FMI
101262,Teuva Kauppilankylä,"(62.492056, 21.758472)","{'locationcode/name': 'Teuva Kauppilankylä', 'locationcode/geoid': '-101262', 'location/region': 'Teuva', 'location/country': 'Finland'}",FMI
101267,Pori Tahkoluoto satama,"(61.630419, 21.376203)","{'locationcode/name': 'Pori Tahkoluoto satama', 'locationcode/geoid': '-16000098', 'locationcode/wmo': '02751', 'location/region': 'Pori', 'location/country': 'Finland'}",FMI
101268,Kristiinankaupunki Majakka,"(62.20324, 21.16983)","{'locationcode/name': 'Kristiinankaupunki Majakka', 'locationcode/geoid': '-16000175', 'locationcode/wmo': '02752', 'location/region': 'Kristiinankaupunki', 'location/country': 'Finland'}",FMI
101272,Karvia Alkkia,"(62.183286, 22.799827)","{'locationcode/name': 'Karvia Alkkia', 'locationcode/geoid': '-16011827', 'locationcode/wmo': '02708', 'location/region': 'Karvia', 'location/country': 'Finland'}",FMI
101285,Kurikka Hirvijärvi,"(62.472937, 22.909561)","{'locationcode/name': 'Kurikka Hirvijärvi', 'locationcode/geoid': '-101285', 'location/region': 'Kurikka', 'location/country': 'Finland'}",FMI
101289,Kauhajoki Kuja-Kokko,"(62.413445, 22.183722)","{'locationcode/name': 'Kauhajoki Kuja-Kokko', 'locationcode/geoid': '-16000013', 'locationcode/wmo': '02769', 'location/region': 'Kauhajoki', 'location/country': 'Finland'}",FMI
101291,Kankaanpää Niinisalo lentokenttä,"(61.838642, 22.463678)","{'locationcode/name': 'Kankaanpää Niinisalo lentokenttä', 'locationcode/geoid': '-16000182', 'locationcode/wmo': '02753', 'location/region': 'Kankaanpää', 'location/country': 'Finland'}",FMI
101305,Alavus Sulkavankylä,"(62.44881, 23.55334)","{'locationcode/name': 'Alavus Sulkavankylä', 'locationcode/geoid': '-101305', 'location/region': 'Alavus', 'location/country': 'Finland'}",FMI
101310,Virrat Äijänneva,"(62.327833, 23.542283)","{'locationcode/name': 'Virrat Äijänneva', 'locationcode/geoid': '-16000037', 'locationcode/wmo': '02735', 'location/region': 'Virrat', 'location/country': 'Finland'}",FMI
101311,Tampere Siilinkari,"(61.517566, 23.753878)","{'locationcode/name': 'Tampere Siilinkari', 'locationcode/geoid': '-16000074', 'locationcode/wmo': '02943', 'location/region': 'Tampere', 'location/country': 'Finland'}",FMI
101315,Jämsä Halli lentoasema,"(61.855507, 24.804592)","{'locationcode/name': 'Jämsä Halli lentoasema', 'locationcode/geoid': '-16000018', 'locationcode/wmo': '02945', 'locationcode/icao': 'EFHA', 'location/region': 'Jämsä', 'location/country': 'Finland'}",FMI
101317,Juupajoki Hyytiälä,"(61.84591, 24.286964)","{'locationcode/name': 'Juupajoki Hyytiälä', 'locationcode/geoid': '-16000089', 'locationcode/wmo': '02770', 'location/region': 'Juupajoki', 'location/country': 'Finland'}",FMI
101338,Jämsä Halli Lentoasemantie,"(61.85959, 24.814833)","{'locationcode/name': 'Jämsä Halli Lentoasemantie', 'locationcode/geoid': '-16011681', 'locationcode/wmo': '02946', 'location/region': 'Jämsä', 'location/country': 'Finland'}",FMI
101339,Jyväskylä lentoasema,"(62.397585, 25.670867)","{'locationcode/name': 'Jyväskylä lentoasema', 'locationcode/geoid': '-16000167', 'locationcode/wmo': '02935', 'location/region': 'Jyväskylä', 'location/country': 'Finland'}",FMI
101342,Sysmä Joutsjärvi,"(61.510861, 25.811472)","{'locationcode/name': 'Sysmä Joutsjärvi', 'locationcode/geoid': '-101342', 'location/region': 'Sysmä', 'location/country': 'Finland'}",FMI
101352,Jyväskylä Muuratjärvi,"(62.156848, 25.42166)","{'locationcode/name': 'Jyväskylä Muuratjärvi', 'locationcode/geoid': '-101352', 'location/region': 'Jyväskylä', 'location/country': 'Finland'}",FMI
101362,Luhanka Judinsalo,"(61.704484, 25.505293)","{'locationcode/name': 'Luhanka Judinsalo', 'locationcode/geoid': '-16000051', 'locationcode/wmo': '02765', 'location/region': 'Luhanka', 'location/country': 'Finland'}",FMI
101363,Multia Pirttiperä,"(62.410515, 25.049956)","{'locationcode/name': 'Multia Pirttiperä', 'locationcode/geoid': '-101363', 'location/region': 'Multia', 'location/country': 'Finland'}",FMI
101367,Joutsa Savenaho,"(61.879418, 26.094783)","{'locationcode/name': 'Joutsa Savenaho', 'locationcode/geoid': '-16000081', 'locationcode/wmo': '02771', 'location/region': 'Joutsa', 'location/country': 'Finland'}",FMI
101385,Kangasniemi kirkonkylä,"(61.98111, 26.64228)","{'locationcode/name': 'Kangasniemi kirkonkylä', 'locationcode/geoid': '-101385', 'location/region': 'Kangasniemi', 'location/country': 'Finland'}",FMI
101390,Joutsa Pärnämäki,"(61.765222, 26.391556)","{'locationcode/name': 'Joutsa Pärnämäki', 'locationcode/geoid': '-101390', 'location/region': 'Joutsa', 'location/country': 'Finland'}",FMI
101398,Mikkeli lentoasema,"(61.688597, 27.202188)","{'locationcode/name': 'Mikkeli lentoasema', 'locationcode/geoid': '-16000191', 'locationcode/wmo': '02947', 'location/region': 'Mikkeli', 'location/country': 'Finland'}",FMI
101410,Mikkeli Pitkähiekka,"(62.013326, 27.192967)","{'locationcode/name': 'Mikkeli Pitkähiekka', 'locationcode/geoid': '-101410', 'location/region': 'Mikkeli', 'location/country': 'Finland'}",FMI
101418,Juva Partala,"(61.892296, 27.885278)","{'locationcode/name': 'Juva Partala', 'locationcode/geoid': '-16000145', 'locationcode/wmo': '02736', 'location/region': 'Juva', 'location/country': 'Finland'}",FMI
101421,Varkaus Kosulanniemi,"(62.322213, 27.90785)","{'locationcode/name': 'Varkaus Kosulanniemi', 'locationcode/geoid': '-16000199', 'locationcode/wmo': '02850', 'location/region': 'Varkaus', 'location/country': 'Finland'}",FMI
101423,Savonlinna Laukansaari,"(61.79607, 28.84608)","{'locationcode/name': 'Savonlinna Laukansaari', 'locationcode/geoid': '-101423', 'location/region': 'Savonlinna', 'location/country': 'Finland'}",FMI
101425,Sulkava Halttula,"(61.923654, 28.319437)","{'locationcode/name': 'Sulkava Halttula', 'locationcode/geoid': '-101425', 'location/region': 'Sulkava', 'location/country': 'Finland'}",FMI
101430,Savonlinna lentoasema,"(61.946382, 28.932381)","{'locationcode/name': 'Savonlinna lentoasema', 'locationcode/geoid': '-16000154', 'locationcode/wmo': '02948', 'locationcode/icao': 'EFSA', 'location/region': 'Savonlinna', 'location/country': 'Finland'}",FMI
101436,Rantasalmi Rukkasluoto,"(62.06302, 28.56618)","{'locationcode/name': 'Rantasalmi Rukkasluoto', 'locationcode/geoid': '-16000172', 'locationcode/wmo': '02772', 'location/region': 'Rantasalmi', 'location/country': 'Finland'}",FMI
101441,Savonlinna Punkaharju Laukansaari,"(61.801861, 29.315056)","{'locationcode/name': 'Savonlinna Punkaharju Laukansaari', 'locationcode/geoid': '-16000039', 'locationcode/wmo': '02778', 'location/region': 'Savonlinna', 'location/country': 'Finland'}",FMI
101446,Enonkoski Simanala,"(62.05563, 29.04407)","{'locationcode/name': 'Enonkoski Simanala', 'locationcode/geoid': '-101446', 'location/region': 'Enonkoski', 'location/country': 'Finland'}",FMI
101448,Savonlinna Savonranta,"(62.16897, 29.27713)","{'locationcode/name': 'Savonlinna Savonranta', 'locationcode/geoid': '-101448', 'location/region': 'Savonlinna', 'location/country': 'Finland'}",FMI
101450,Rääkkylä kirkonkylä,"(62.311424, 29.629538)","{'locationcode/name': 'Rääkkylä kirkonkylä', 'locationcode/geoid': '-101450', 'location/region': 'Rääkkylä', 'location/country': 'Finland'}",FMI
101459,Tohmajärvi Kemie,"(62.23539, 30.34662)","{'locationcode/name': 'Tohmajärvi Kemie', 'locationcode/geoid': '-16000046', 'locationcode/wmo': '02832', 'location/region': 'Tohmajärvi', 'location/country': 'Finland'}",FMI
101460,Joensuu Huhtilampi,"(62.42668, 30.40736)","{'locationcode/name': 'Joensuu Huhtilampi', 'locationcode/geoid': '-101460', 'location/region': 'Joensuu', 'location/country': 'Finland'}",FMI
101462,Vaasa lentoasema,"(63.058578, 21.754597)","{'locationcode/name': 'Vaasa lentoasema', 'locationcode/geoid': '-101462', 'locationcode/wmo': '02911', 'locationcode/icao': 'EFVA', 'location/region': 'Vaasa', 'location/country': 'Finland'}",FMI
101464,Mustasaari Valassaaret,"(63.435083, 21.068557)","{'locationcode/name': 'Mustasaari Valassaaret', 'locationcode/geoid': '-16000000', 'locationcode/wmo': '02910', 'location/region': 'Mustasaari', 'location/country': 'Finland'}",FMI
101468,Närpiö Alamarkku,"(62.629835, 21.493534)","{'locationcode/name': 'Närpiö Alamarkku', 'locationcode/geoid': '-101468', 'location/region': 'Närpiö', 'location/country': 'Finland'}",FMI
101474,Mustasaari Riimala,"(62.970028, 21.780556)","{'locationcode/name': 'Mustasaari Riimala', 'locationcode/geoid': '-101474', 'location/region': 'Mustasaari', 'location/country': 'Finland'}",FMI
101478,Kurikka Pyörni,"(62.733722, 21.960111)","{'locationcode/name': 'Kurikka Pyörni', 'locationcode/geoid': '-101478', 'location/region': 'Kurikka', 'location/country': 'Finland'}",FMI
101479,Korsnäs Bredskäret,"(62.934331, 21.185251)","{'locationcode/name': 'Korsnäs Bredskäret', 'locationcode/geoid': '-16000068', 'locationcode/wmo': '02780', 'location/region': 'Korsnäs', 'location/country': 'Finland'}",FMI
101481,Maalahti Strömmingsbådan,"(62.978387, 20.740061)","{'locationcode/name': 'Maalahti Strömmingsbådan', 'locationcode/geoid': '-16000170', 'locationcode/wmo': '02781', 'location/region': 'Maalahti', 'location/country': 'Finland'}",FMI
101485,Vaasa Klemettilä,"(63.098706, 21.639378)","{'locationcode/name': 'Vaasa Klemettilä', 'locationcode/geoid': '-16011859', 'locationcode/wmo': '02957', 'location/region': 'Vaasa', 'location/country': 'Finland'}",FMI
101486,Seinäjoki Pelmaa,"(62.938083, 22.488778)","{'locationcode/name': 'Seinäjoki Pelmaa', 'locationcode/geoid': '-16000030', 'locationcode/wmo': '02833', 'location/region': 'Seinäjoki', 'location/country': 'Finland'}",FMI
101503,Kauhava lentokenttä,"(63.120333, 23.043639)","{'locationcode/name': 'Kauhava lentokenttä', 'locationcode/geoid': '-16000048', 'locationcode/wmo': '02913', 'location/region': 'Kauhava', 'location/country': 'Finland'}",FMI
101520,Ähtäri Inha,"(62.554614, 24.142386)","{'locationcode/name': 'Ähtäri Inha', 'locationcode/geoid': '-16000130', 'locationcode/wmo': '02924', 'location/region': 'Ähtäri', 'location/country': 'Finland'}",FMI
101528,Halsua Purola,"(63.44564, 24.44422)","{'locationcode/name': 'Halsua Purola', 'locationcode/geoid': '-16000026', 'locationcode/wmo': '02725', 'location/region': 'Halsua', 'location/country': 'Finland'}",FMI
101533,Alajärvi Möksy,"(63.08898, 24.26084)","{'locationcode/name': 'Alajärvi Möksy', 'locationcode/geoid': '-16000097', 'locationcode/wmo': '02787', 'location/region': 'Alajärvi', 'location/country': 'Finland'}",FMI
101536,Multia Karhila,"(62.510444, 24.807639)","{'locationcode/name': 'Multia Karhila', 'locationcode/geoid': '-16011679', 'locationcode/wmo': '02927', 'location/region': 'Multia', 'location/country': 'Finland'}",FMI
101537,Viitasaari Haapaniemi,"(63.082247, 25.858617)","{'locationcode/name': 'Viitasaari Haapaniemi', 'locationcode/geoid': '-16000020', 'locationcode/wmo': '02915', 'location/region': 'Viitasaari', 'location/country': 'Finland'}",FMI
101541,Äänekoski Kalaniemi,"(62.875738, 25.861713)","{'locationcode/name': 'Äänekoski Kalaniemi', 'locationcode/geoid': '-101541', 'location/region': 'Äänekoski', 'location/country': 'Finland'}",FMI
101555,Vesanto kirkonkylä,"(62.921782, 26.424701)","{'locationcode/name': 'Vesanto kirkonkylä', 'locationcode/geoid': '-16000057', 'locationcode/wmo': '02710', 'location/region': 'Vesanto', 'location/country': 'Finland'}",FMI
101569,Pielavesi Venetmäki,"(63.315179, 26.97915)","{'locationcode/name': 'Pielavesi Venetmäki', 'locationcode/geoid': '-101569', 'location/region': 'Pielavesi', 'location/country': 'Finland'}",FMI
101570,Siilinjärvi Kuopio lentoasema,"(62.998421, 27.808174)","{'locationcode/name': 'Siilinjärvi Kuopio lentoasema', 'locationcode/geoid': '-16000082', 'locationcode/wmo': '02917', 'locationcode/icao': 'EFKU', 'location/region': 'Siilinjärvi', 'location/country': 'Finland'}",FMI
101572,Kuopio Maaninka,"(63.143426, 27.313171)","{'locationcode/name': 'Kuopio Maaninka', 'locationcode/geoid': '-16000194', 'locationcode/wmo': '02788', 'location/region': 'Kuopio', 'location/country': 'Finland'}",FMI
101577,Lapinlahti Lamminkäyrä,"(63.384528, 27.3745)","{'locationcode/name': 'Lapinlahti Lamminkäyrä', 'locationcode/geoid': '-101577', 'location/region': 'Lapinlahti', 'location/country': 'Finland'}",FMI
101578,Suonenjoki Iisvesi,"(62.666, 27.043833)","{'locationcode/name': 'Suonenjoki Iisvesi', 'locationcode/geoid': '-101578', 'location/region': 'Suonenjoki', 'location/country': 'Finland'}",FMI
101579,Kuopio Karttula,"(62.851985, 27.271073)","{'locationcode/name': 'Kuopio Karttula', 'locationcode/geoid': '-101579', 'location/region': 'Kuopio', 'location/country': 'Finland'}",FMI
101580,Kuopio Ritoniemi,"(62.79892, 27.90495)","{'locationcode/name': 'Kuopio Ritoniemi', 'locationcode/geoid': '-16000047', 'locationcode/wmo': '02732', 'location/region': 'Kuopio', 'location/country': 'Finland'}",FMI
101581,Kuopio Vehmasmäki,"(62.73878, 27.5416)","{'locationcode/name': 'Kuopio Vehmasmäki', 'locationcode/geoid': '-16000148', 'locationcode/wmo': '02837', 'location/region': 'Kuopio', 'location/country': 'Finland'}",FMI
101586,Kuopio Savilahti,"(62.89256, 27.63331)","{'locationcode/name': 'Kuopio Savilahti', 'locationcode/geoid': '-16000139', 'locationcode/wmo': '02955', 'location/region': 'Kuopio', 'location/country': 'Finland'}",FMI
101587,Kuopio Puijo,"(62.90954, 27.65554)","{'locationcode/name': 'Kuopio Puijo', 'locationcode/geoid': '-101587', 'location/region': 'Kuopio', 'location/country': 'Finland'}",FMI
101589,Heinävesi Palokki,"(62.57053, 28.59248)","{'locationcode/name': 'Heinävesi Palokki', 'locationcode/geoid': '-101589', 'location/region': 'Heinävesi', 'location/country': 'Finland'}",FMI
101590,Outokumpu Viuruniemi,"(62.617512, 28.942409)","{'locationcode/name': 'Outokumpu Viuruniemi', 'locationcode/geoid': '-101590', 'location/region': 'Outokumpu', 'location/country': 'Finland'}",FMI
101599,Rautavaara Ala-Luosta,"(63.271917, 28.470333)","{'locationcode/name': 'Rautavaara Ala-Luosta', 'locationcode/geoid': '-101599', 'location/region': 'Rautavaara', 'location/country': 'Finland'}",FMI
101603,Rautavaara Ylä-Luosta,"(63.37806, 28.66166)","{'locationcode/name': 'Rautavaara Ylä-Luosta', 'locationcode/geoid': '-16000009', 'locationcode/wmo': '02789', 'location/region': 'Rautavaara', 'location/country': 'Finland'}",FMI
101608,Liperi Joensuu lentoasema,"(62.65695, 29.636079)","{'locationcode/name': 'Liperi Joensuu lentoasema', 'locationcode/geoid': '-16000121', 'locationcode/wmo': '02929', 'locationcode/icao': 'EFJO', 'location/region': 'Liperi', 'location/country': 'Finland'}",FMI
101609,Juuka Niemelä,"(63.23236, 29.23397)","{'locationcode/name': 'Juuka Niemelä', 'locationcode/geoid': '-16000079', 'locationcode/wmo': '02791', 'location/region': 'Juuka', 'location/country': 'Finland'}",FMI
101610,Joensuu Pyhäselkä,"(62.51678, 29.81092)","{'locationcode/name': 'Joensuu Pyhäselkä', 'locationcode/geoid': '-101610', 'location/region': 'Joensuu', 'location/country': 'Finland'}",FMI
101616,Lieksa Koli,"(63.108389, 29.761611)","{'locationcode/name': 'Lieksa Koli', 'locationcode/geoid': '-101616', 'location/region': 'Lieksa', 'location/country': 'Finland'}",FMI
101628,Liperi Tuiskavanluoto,"(62.54601, 29.66818)","{'locationcode/name': 'Liperi Tuiskavanluoto', 'locationcode/geoid': '-16000171', 'locationcode/wmo': '02793', 'location/region': 'Liperi', 'location/country': 'Finland'}",FMI
101632,Joensuu Linnunlahti,"(62.601794, 29.727131)","{'locationcode/name': 'Joensuu Linnunlahti', 'locationcode/geoid': '-16011685', 'locationcode/wmo': '02928', 'location/region': 'Joensuu', 'location/country': 'Finland'}",FMI
101636,Lieksa Lampela,"(63.321083, 30.045778)","{'locationcode/name': 'Lieksa Lampela', 'locationcode/geoid': '-16000123', 'locationcode/wmo': '02796', 'location/region': 'Lieksa', 'location/country': 'Finland'}",FMI
101649,Ilomantsi Pötsönvaara,"(63.141664, 31.044542)","{'locationcode/name': 'Ilomantsi Pötsönvaara', 'locationcode/geoid': '-16000185', 'locationcode/wmo': '02766', 'location/region': 'Ilomantsi', 'location/country': 'Finland'}",FMI
101650,Lieksa Hietajärvi,"(63.16711, 30.71348)","{'locationcode/name': 'Lieksa Hietajärvi', 'locationcode/geoid': '-101650', 'location/region': 'Lieksa', 'location/country': 'Finland'}",FMI
101651,Ilomantsi Mekrijärvi,"(62.769415, 30.974667)","{'locationcode/name': 'Ilomantsi Mekrijärvi', 'locationcode/geoid': '-16000113', 'locationcode/wmo': '02939', 'location/region': 'Ilomantsi', 'location/country': 'Finland'}",FMI
101660,Pietarsaari Kallan,"(63.75144, 22.52282)","{'locationcode/name': 'Pietarsaari Kallan', 'locationcode/geoid': '-16000096', 'locationcode/wmo': '02920', 'location/region': 'Luoto', 'location/country': 'Finland'}",FMI
101661,Kokkola Tankar,"(63.95114, 22.84537)","{'locationcode/name': 'Kokkola Tankar', 'locationcode/geoid': '-16000141', 'locationcode/wmo': '02721', 'location/region': 'Kokkola', 'location/country': 'Finland'}",FMI
101662,Kruunupyy Kokkola-Pietarsaari lentoasema,"(63.726552, 23.143592)","{'locationcode/name': 'Kruunupyy Kokkola-Pietarsaari lentoasema', 'locationcode/geoid': '-16000001', 'locationcode/wmo': '02903', 'locationcode/icao': 'EFKK', 'location/region': 'Kruunupyy', 'location/country': 'Finland'}",FMI
101665,Kaustinen Tastula,"(63.593527, 23.717611)","{'locationcode/name': 'Kaustinen Tastula', 'locationcode/geoid': '-101665', 'location/region': 'Kaustinen', 'location/country': 'Finland'}",FMI
101673,Kalajoki Ulkokalla,"(64.33073, 23.44627)","{'locationcode/name': 'Kalajoki Ulkokalla', 'locationcode/geoid': '-16000045', 'locationcode/wmo': '02907', 'location/region': 'Kalajoki', 'location/country': 'Finland'}",FMI
101675,Kokkola Santahaka,"(63.838822, 23.097148)","{'locationcode/name': 'Kokkola Santahaka', 'locationcode/geoid': '-16000200', 'locationcode/wmo': '02852', 'location/region': 'Kokkola', 'location/country': 'Finland'}",FMI
101679,Toholampi Oravala,"(63.766275, 24.284921)","{'locationcode/name': 'Toholampi Oravala', 'locationcode/geoid': '-101679', 'location/region': 'Toholampi', 'location/country': 'Finland'}",FMI
101683,Kalajoki Pitkäsenkylä,"(64.231028, 24.016306)","{'locationcode/name': 'Kalajoki Pitkäsenkylä', 'locationcode/geoid': '-101683', 'location/region': 'Kalajoki', 'location/country': 'Finland'}",FMI
101685,Kalajoki Mehtäkylä,"(64.273806, 24.208306)","{'locationcode/name': 'Kalajoki Mehtäkylä', 'locationcode/geoid': '-101685', 'location/region': 'Kalajoki', 'location/country': 'Finland'}",FMI
101689,Toholampi Laitala,"(63.821333, 24.163233)","{'locationcode/name': 'Toholampi Laitala', 'locationcode/geoid': '-16000087', 'locationcode/wmo': '02737', 'location/region': 'Toholampi', 'location/country': 'Finland'}",FMI
101690,Ylivieska lentokenttä,"(64.05029, 24.72468)","{'locationcode/name': 'Ylivieska lentokenttä', 'locationcode/geoid': '-16000112', 'locationcode/wmo': '02755', 'location/region': 'Ylivieska', 'location/country': 'Finland'}",FMI
101691,Ylivieska Vähäkangas,"(64.066378, 24.677135)","{'locationcode/name': 'Ylivieska Vähäkangas', 'locationcode/geoid': '-101691', 'location/region': 'Ylivieska', 'location/country': 'Finland'}",FMI
101695,Haapavesi Mustikkamäki,"(64.142631, 25.423351)","{'locationcode/name': 'Haapavesi Mustikkamäki', 'locationcode/geoid': '-16000160', 'locationcode/wmo': '02797', 'location/region': 'Haapavesi', 'location/country': 'Finland'}",FMI
101705,Pyhäjärvi Ojakylä,"(63.735886, 25.705732)","{'locationcode/name': 'Pyhäjärvi Ojakylä', 'locationcode/geoid': '-16000085', 'locationcode/wmo': '02738', 'location/region': 'Pyhäjärvi', 'location/country': 'Finland'}",FMI
101706,Pyhäjärvi Hiidenniemi,"(63.60882, 25.46905)","{'locationcode/name': 'Pyhäjärvi Hiidenniemi', 'locationcode/geoid': '-101706', 'location/region': 'Pyhäjärvi', 'location/country': 'Finland'}",FMI
101712,Kiuruvesi Korpijoki,"(63.72868, 26.36981)","{'locationcode/name': 'Kiuruvesi Korpijoki', 'locationcode/geoid': '-101712', 'location/region': 'Kiuruvesi', 'location/country': 'Finland'}",FMI
101717,Siikalatva Kestilä,"(64.355444, 26.300333)","{'locationcode/name': 'Siikalatva Kestilä', 'locationcode/geoid': '-101717', 'location/region': 'Siikalatva', 'location/country': 'Finland'}",FMI
101725,Kajaani lentoasema,"(64.282904, 27.671137)","{'locationcode/name': 'Kajaani lentoasema', 'locationcode/geoid': '-16000027', 'locationcode/wmo': '02897', 'locationcode/icao': 'EFKI', 'location/region': 'Kajaani', 'location/country': 'Finland'}",FMI
101726,Vieremä Kaarakkala,"(63.840899, 27.220614)","{'locationcode/name': 'Vieremä Kaarakkala', 'locationcode/geoid': '-16000166', 'locationcode/wmo': '02834', 'location/region': 'Vieremä', 'location/country': 'Finland'}",FMI
101742,Kajaani Paltaniemi,"(64.29154, 27.63681)","{'locationcode/name': 'Kajaani Paltaniemi', 'locationcode/geoid': '-101742', 'location/region': 'Kajaani', 'location/country': 'Finland'}",FMI
101743,Nurmes Valtimo,"(63.6673, 28.82927)","{'locationcode/name': 'Nurmes Valtimo', 'locationcode/geoid': '-16000002', 'locationcode/wmo': '02798', 'location/region': 'Nurmes', 'location/country': 'Finland'}",FMI
101753,Ristijärvi Mustavaara,"(64.469471, 28.618602)","{'locationcode/name': 'Ristijärvi Mustavaara', 'locationcode/geoid': '-101753', 'location/region': 'Ristijärvi', 'location/country': 'Finland'}",FMI
101756,Sotkamo Kuolaniemi,"(64.111972, 28.336389)","{'locationcode/name': 'Sotkamo Kuolaniemi', 'locationcode/geoid': '-16000036', 'locationcode/wmo': '02739', 'location/region': 'Sotkamo', 'location/country': 'Finland'}",FMI
101763,Nurmes Mujejärvi,"(63.824807, 29.454796)","{'locationcode/name': 'Nurmes Mujejärvi', 'locationcode/geoid': '-101763', 'location/region': 'Nurmes', 'location/country': 'Finland'}",FMI
101771,Kuhmo Apaja,"(64.068639, 29.21975)","{'locationcode/name': 'Kuhmo Apaja', 'locationcode/geoid': '-101771', 'location/region': 'Kuhmo', 'location/country': 'Finland'}",FMI
101773,Kuhmo Kalliojoki,"(64.297604, 30.17061)","{'locationcode/name': 'Kuhmo Kalliojoki', 'locationcode/geoid': '-16000181', 'locationcode/wmo': '02799', 'location/region': 'Kuhmo', 'location/country': 'Finland'}",FMI
101775,Raahe Nahkiainen,"(64.611783, 23.896737)","{'locationcode/name': 'Raahe Nahkiainen', 'locationcode/geoid': '-16000174', 'locationcode/wmo': '02800', 'location/region': 'Raahe', 'location/country': 'Finland'}",FMI
101776,Hailuoto Keskikylä,"(65.01967, 24.72758)","{'locationcode/name': 'Hailuoto Keskikylä', 'locationcode/geoid': '-16000042', 'locationcode/wmo': '02874', 'location/region': 'Hailuoto', 'location/country': 'Finland'}",FMI
101783,Kemi I majakka,"(65.385078, 24.095684)","{'locationcode/name': 'Kemi I majakka', 'locationcode/geoid': '-16000017', 'locationcode/wmo': '02863', 'location/region': 'Kemi', 'location/country': 'Finland'}",FMI
101784,Hailuoto Marjaniemi,"(65.03975, 24.56118)","{'locationcode/name': 'Hailuoto Marjaniemi', 'locationcode/geoid': '-16000059', 'locationcode/wmo': '02873', 'location/region': 'Hailuoto', 'location/country': 'Finland'}",FMI
101785,Raahe Lapaluoto satama,"(64.66589, 24.40695)","{'locationcode/name': 'Raahe Lapaluoto satama', 'locationcode/geoid': '-16000190', 'locationcode/wmo': '02872', 'location/region': 'Raahe', 'location/country': 'Finland'}",FMI
101786,Oulu lentoasema,"(64.935034, 25.339195)","{'locationcode/name': 'Oulu lentoasema', 'locationcode/geoid': '-101786', 'locationcode/wmo': '02875', 'locationcode/icao': 'EFOU', 'location/region': 'Oulu', 'location/country': 'Finland'}",FMI
101787,Siikajoki Ruukki,"(64.684206, 25.089192)","{'locationcode/name': 'Siikajoki Ruukki', 'locationcode/geoid': '-16000069', 'locationcode/wmo': '02803', 'location/region': 'Siikajoki', 'location/country': 'Finland'}",FMI
101794,Oulu Vihreäsaari satama,"(65.006399, 25.393209)","{'locationcode/name': 'Oulu Vihreäsaari satama', 'locationcode/geoid': '-16000100', 'locationcode/wmo': '02876', 'location/region': 'Oulu', 'location/country': 'Finland'}",FMI
101799,Oulu Oulunsalo Pellonpää,"(64.93698, 25.372989)","{'locationcode/name': 'Oulu Oulunsalo Pellonpää', 'locationcode/geoid': '-16000201', 'locationcode/wmo': '02851', 'location/region': 'Oulu', 'location/country': 'Finland'}",FMI
101800,Vaala Pelso,"(64.501444, 26.423857)","{'locationcode/name': 'Vaala Pelso', 'locationcode/geoid': '-16000187', 'locationcode/wmo': '02714', 'location/region': 'Vaala', 'location/country': 'Finland'}",FMI
101805,Pudasjärvi lentokenttä,"(65.40014, 26.96311)","{'locationcode/name': 'Pudasjärvi lentokenttä', 'locationcode/geoid': '-16000103', 'locationcode/wmo': '02866', 'location/region': 'Pudasjärvi', 'location/country': 'Finland'}",FMI
101809,Utajärvi Särkijärvi,"(64.922517, 27.25125)","{'locationcode/name': 'Utajärvi Särkijärvi', 'locationcode/geoid': '-101809', 'location/region': 'Utajärvi', 'location/country': 'Finland'}",FMI
101812,Pudasjärvi Jaurakkajärvi,"(65.16072, 27.64664)","{'locationcode/name': 'Pudasjärvi Jaurakkajärvi', 'locationcode/geoid': '-101812', 'location/region': 'Pudasjärvi', 'location/country': 'Finland'}",FMI
101822,Suomussalmi Näljänkä,"(65.23964, 28.44834)","{'locationcode/name': 'Suomussalmi Näljänkä', 'locationcode/geoid': '-101822', 'location/region': 'Suomussalmi', 'location/country': 'Finland'}",FMI
101826,Suomussalmi Pesiö,"(64.931252, 28.746722)","{'locationcode/name': 'Suomussalmi Pesiö', 'locationcode/geoid': '-16000118', 'locationcode/wmo': '02889', 'location/region': 'Suomussalmi', 'location/country': 'Finland'}",FMI
101830,Puolanka Kotila,"(64.665944, 28.029472)","{'locationcode/name': 'Puolanka Kotila', 'locationcode/geoid': '-101830', 'location/region': 'Puolanka', 'location/country': 'Finland'}",FMI
101831,Puolanka Paljakka,"(64.66404, 28.05673)","{'locationcode/name': 'Puolanka Paljakka', 'locationcode/geoid': '-16011851', 'locationcode/wmo': '02859', 'location/region': 'Puolanka', 'location/country': 'Finland'}",FMI
101840,Kemi Kemi-Tornio lentoasema,"(65.789444, 24.582778)","{'locationcode/name': 'Kemi Kemi-Tornio lentoasema', 'locationcode/geoid': '-16000056', 'locationcode/wmo': '02864', 'locationcode/icao': 'EFKE', 'location/region': 'Keminmaa', 'location/country': 'Finland'}",FMI
101846,Kemi Ajos,"(65.673195, 24.515204)","{'locationcode/name': 'Kemi Ajos', 'locationcode/geoid': '-16000084', 'locationcode/wmo': '02862', 'location/region': 'Kemi', 'location/country': 'Finland'}",FMI
101851,Tornio Torppi,"(65.84733, 24.17369)","{'locationcode/name': 'Tornio Torppi', 'locationcode/geoid': '-16011672', 'locationcode/wmo': '02880', 'location/region': 'Tornio', 'location/country': 'Finland'}",FMI
101873,Ranua lentokenttä,"(65.977172, 26.367571)","{'locationcode/name': 'Ranua lentokenttä', 'locationcode/geoid': '-16011673', 'locationcode/wmo': '02881', 'location/region': 'Ranua', 'location/country': 'Finland'}",FMI
101877,Pudasjärvi Sarakylä,"(65.796139, 27.339611)","{'locationcode/name': 'Pudasjärvi Sarakylä', 'locationcode/geoid': '-101877', 'location/region': 'Pudasjärvi', 'location/country': 'Finland'}",FMI
101881,Posio Raistakka,"(65.978856, 28.171238)","{'locationcode/name': 'Posio Raistakka', 'locationcode/geoid': '-101881', 'location/region': 'Posio', 'location/country': 'Finland'}",FMI
101882,Taivalkoski Inkee,"(65.734087, 28.564392)","{'locationcode/name': 'Taivalkoski Inkee', 'locationcode/geoid': '-101882', 'location/region': 'Taivalkoski', 'location/country': 'Finland'}",FMI
101885,Taivalkoski kirkonkylä,"(65.57489, 28.217659)","{'locationcode/name': 'Taivalkoski kirkonkylä', 'locationcode/geoid': '-16000128', 'locationcode/wmo': '02804', 'location/region': 'Taivalkoski', 'location/country': 'Finland'}",FMI
101886,Kuusamo lentoasema,"(65.993342, 29.22715)","{'locationcode/name': 'Kuusamo lentoasema', 'locationcode/geoid': '-16000052', 'locationcode/wmo': '02869', 'locationcode/icao': 'EFKS', 'location/region': 'Kuusamo', 'location/country': 'Finland'}",FMI
101887,Kuusamo Kiutaköngäs,"(66.369994, 29.311928)","{'locationcode/name': 'Kuusamo Kiutaköngäs', 'locationcode/geoid': '-16000070', 'locationcode/wmo': '02811', 'location/region': 'Kuusamo', 'location/country': 'Finland'}",FMI
101897,Kuusamo Rukatunturi,"(66.166138, 29.151768)","{'locationcode/name': 'Kuusamo Rukatunturi', 'locationcode/geoid': '-16000189', 'locationcode/wmo': '02868', 'location/region': 'Kuusamo', 'location/country': 'Finland'}",FMI
101898,Kuusamo Teeriranta,"(65.519581, 29.524351)","{'locationcode/name': 'Kuusamo Teeriranta', 'locationcode/geoid': '-101898', 'location/region': 'Kuusamo', 'location/country': 'Finland'}",FMI
101899,Kuusamo Juuma,"(66.320266, 29.399672)","{'locationcode/name': 'Kuusamo Juuma', 'locationcode/geoid': '-16000101', 'locationcode/wmo': '02749', 'location/region': 'Kuusamo', 'location/country': 'Finland'}",FMI
101908,Ylitornio Meltosjärvi,"(66.529518, 24.649603)","{'locationcode/name': 'Ylitornio Meltosjärvi', 'locationcode/geoid': '-16000080', 'locationcode/wmo': '02812', 'location/region': 'Ylitornio', 'location/country': 'Finland'}",FMI
101913,Kolari Kattilamaa,"(67.384227, 24.011884)","{'locationcode/name': 'Kolari Kattilamaa', 'locationcode/geoid': '-101913', 'location/region': 'Kolari', 'location/country': 'Finland'}",FMI
101914,Pello kirkonkylä,"(66.772783, 23.963029)","{'locationcode/name': 'Pello kirkonkylä', 'locationcode/geoid': '-16000111', 'locationcode/wmo': '02844', 'location/region': 'Pello', 'location/country': 'Finland'}",FMI
101920,Rovaniemi lentoasema,"(66.56236, 25.838144)","{'locationcode/name': 'Rovaniemi lentoasema', 'locationcode/geoid': '-16000072', 'locationcode/wmo': '02845', 'location/region': 'Rovaniemi', 'location/country': 'Finland'}",FMI
101927,Rovaniemi Vennivaara,"(66.549312, 25.571064)","{'locationcode/name': 'Rovaniemi Vennivaara', 'locationcode/geoid': '-16000093', 'locationcode/wmo': '02846', 'location/region': 'Rovaniemi', 'location/country': 'Finland'}",FMI
101928,Rovaniemi rautatieasema,"(66.49832, 25.7088)","{'locationcode/name': 'Rovaniemi rautatieasema', 'locationcode/geoid': '-16000173', 'locationcode/wmo': '02847', 'location/region': 'Rovaniemi', 'location/country': 'Finland'}",FMI
101932,Sodankylä Tähtelä,"(67.36663, 26.62901)","{'locationcode/name': 'Sodankylä Tähtelä', 'locationcode/geoid': '-16000014', 'locationcode/wmo': '02836', 'location/region': 'Sodankylä', 'location/country': 'Finland'}",FMI
101933,Rovaniemi Apukka,"(66.579444, 26.010944)","{'locationcode/name': 'Rovaniemi Apukka', 'locationcode/geoid': '-16000144', 'locationcode/wmo': '02813', 'location/region': 'Rovaniemi', 'location/country': 'Finland'}",FMI
101942,Sodankylä Heikinheimo-masto,"(67.362466, 26.638342)","{'locationcode/name': 'Sodankylä Heikinheimo-masto', 'locationcode/geoid': '-16000127', 'locationcode/wmo': '02742', 'location/region': 'Sodankylä', 'location/country': 'Finland'}",FMI
101947,Pelkosenniemi kirkonkylä,"(67.10025, 27.50995)","{'locationcode/name': 'Pelkosenniemi kirkonkylä', 'locationcode/geoid': '-101947', 'location/region': 'Pelkosenniemi', 'location/country': 'Finland'}",FMI
101950,Kemijärvi lentokenttä,"(66.715557, 27.159063)","{'locationcode/name': 'Kemijärvi lentokenttä', 'locationcode/geoid': '-16000143', 'locationcode/wmo': '02814', 'location/region': 'Kemijärvi', 'location/country': 'Finland'}",FMI
101952,Savukoski kirkonkylä,"(67.282955, 28.178596)","{'locationcode/name': 'Savukoski kirkonkylä', 'locationcode/geoid': '-16000029', 'locationcode/wmo': '02815', 'location/region': 'Savukoski', 'location/country': 'Finland'}",FMI
101956,Salla Kelloselkä,"(66.944351, 28.976929)","{'locationcode/name': 'Salla Kelloselkä', 'locationcode/geoid': '-101956', 'location/region': 'Salla', 'location/country': 'Finland'}",FMI
101958,Pelkosenniemi Pyhätunturi,"(67.02204, 27.2184)","{'locationcode/name': 'Pelkosenniemi Pyhätunturi', 'locationcode/geoid': '-16000095', 'locationcode/wmo': '02705', 'location/region': 'Pelkosenniemi', 'location/country': 'Finland'}",FMI
101959,Salla kirkonkylä,"(66.816596, 28.688292)","{'locationcode/name': 'Salla kirkonkylä', 'locationcode/geoid': '-16000102', 'locationcode/wmo': '02849', 'location/region': 'Salla', 'location/country': 'Finland'}",FMI
101966,Salla Naruska,"(67.162256, 29.177655)","{'locationcode/name': 'Salla Naruska', 'locationcode/geoid': '-16000105', 'locationcode/wmo': '02745', 'location/region': 'Salla', 'location/country': 'Finland'}",FMI
101968,Enontekiö Kaaresuvanto,"(68.442984, 22.506126)","{'locationcode/name': 'Enontekiö Kaaresuvanto', 'locationcode/geoid': '-101968', 'location/region': 'Enontekiö', 'location/country': 'Finland'}",FMI
101976,Enontekiö lentoasema,"(68.3614, 23.427546)","{'locationcode/name': 'Enontekiö lentoasema', 'locationcode/geoid': '-16011880', 'locationcode/wmo': '02802', 'locationcode/icao': 'EFET', 'location/region': 'Enontekiö', 'location/country': 'Finland'}",FMI
101980,Kittilä Pulju,"(68.230135, 24.832906)","{'locationcode/name': 'Kittilä Pulju', 'locationcode/geoid': '-16777275', 'location/region': 'Kittilä', 'location/country': 'Finland'}",FMI
101982,Muonio Laukukero,"(68.062835, 24.033349)","{'locationcode/name': 'Muonio Laukukero', 'locationcode/geoid': '-16000099', 'locationcode/wmo': '02820', 'location/region': 'Muonio', 'location/country': 'Finland'}",FMI
101983,Muonio Sammaltunturi,"(67.973281, 24.11559)","{'locationcode/name': 'Muonio Sammaltunturi', 'locationcode/geoid': '-16000149', 'locationcode/wmo': '02821', 'location/region': 'Muonio', 'location/country': 'Finland'}",FMI
101985,Kittilä Matorova,"(67.99997, 24.240012)","{'locationcode/name': 'Kittilä Matorova', 'locationcode/geoid': '-16011867', 'locationcode/wmo': '02882', 'location/region': 'Kittilä', 'location/country': 'Finland'}",FMI
101986,Kittilä lentoasema,"(67.69168, 24.855379)","{'locationcode/name': 'Kittilä lentoasema', 'locationcode/geoid': '-16000122', 'locationcode/wmo': '02720', 'locationcode/icao': 'EFKT', 'location/region': 'Kittilä', 'location/country': 'Finland'}",FMI
101987,Kittilä Kenttärova,"(67.987215, 24.24301)","{'locationcode/name': 'Kittilä Kenttärova', 'locationcode/geoid': '-16000129', 'locationcode/wmo': '02824', 'location/region': 'Kittilä', 'location/country': 'Finland'}",FMI
101990,Kittilä kirkonkylä,"(67.652024, 24.901786)","{'locationcode/name': 'Kittilä kirkonkylä', 'locationcode/geoid': '-16011855', 'locationcode/wmo': '02860', 'location/region': 'Kittilä', 'location/country': 'Finland'}",FMI
101994,Kittilä Pokka,"(68.169613, 25.783163)","{'locationcode/name': 'Kittilä Pokka', 'locationcode/geoid': '-16000188', 'locationcode/wmo': '02717', 'location/region': 'Kittilä', 'location/country': 'Finland'}",FMI
102000,Sodankylä Lokka,"(67.821472, 27.745972)","{'locationcode/name': 'Sodankylä Lokka', 'locationcode/geoid': '-16000010', 'locationcode/wmo': '02719', 'location/region': 'Sodankylä', 'location/country': 'Finland'}",FMI
102001,Sodankylä Vuotso,"(68.084223, 27.185006)","{'locationcode/name': 'Sodankylä Vuotso', 'locationcode/geoid': '-16000088', 'locationcode/wmo': '02816', 'location/region': 'Sodankylä', 'location/country': 'Finland'}",FMI
102005,Inari Saariselkä matkailukeskus,"(68.41506, 27.41326)","{'locationcode/name': 'Inari Saariselkä matkailukeskus', 'locationcode/geoid': '-16000025', 'locationcode/wmo': '02722', 'location/region': 'Inari', 'location/country': 'Finland'}",FMI
102006,Inari Saariselkä Kaunispää,"(68.433943, 27.444096)","{'locationcode/name': 'Inari Saariselkä Kaunispää', 'locationcode/geoid': '-16000094', 'locationcode/wmo': '02817', 'location/region': 'Inari', 'location/country': 'Finland'}",FMI
102008,Inari Raja-Jooseppi Kontiojärvi,"(68.470668, 28.316188)","{'locationcode/name': 'Inari Raja-Jooseppi Kontiojärvi', 'locationcode/geoid': '-102008', 'location/region': 'Inari', 'location/country': 'Finland'}",FMI
102009,Inari Raja-Jooseppi,"(68.478, 28.30123)","{'locationcode/name': 'Inari Raja-Jooseppi', 'locationcode/geoid': '-16000133', 'locationcode/wmo': '02818', 'location/region': 'Inari', 'location/country': 'Finland'}",FMI
102012,Salla Värriötunturi,"(67.74858, 29.611322)","{'locationcode/name': 'Salla Värriötunturi', 'locationcode/geoid': '-16000131', 'locationcode/wmo': '02819', 'location/region': 'Salla', 'location/country': 'Finland'}",FMI
102016,Enontekiö Kilpisjärvi kyläkeskus,"(69.039049, 20.813788)","{'locationcode/name': 'Enontekiö Kilpisjärvi kyläkeskus', 'locationcode/geoid': '-16000109', 'locationcode/wmo': '02801', 'location/region': 'Enontekiö', 'location/country': 'Finland'}",FMI
102017,Enontekiö Kilpisjärvi Saana,"(69.042769, 20.850908)","{'locationcode/name': 'Enontekiö Kilpisjärvi Saana', 'locationcode/geoid': '-16000090', 'locationcode/wmo': '02701', 'location/region': 'Enontekiö', 'location/country': 'Finland'}",FMI
102019,Enontekiö Näkkälä,"(68.603011, 23.57595)","{'locationcode/name': 'Enontekiö Näkkälä', 'locationcode/geoid': '-16000115', 'locationcode/wmo': '02726', 'location/region': 'Enontekiö', 'location/country': 'Finland'}",FMI
102026,Inari Angeli Lintupuoliselkä,"(68.90296, 25.73646)","{'locationcode/name': 'Inari Angeli Lintupuoliselkä', 'locationcode/geoid': '-16011677', 'locationcode/wmo': '02857', 'location/region': 'Inari', 'location/country': 'Finland'}",FMI
102033,Inari Ivalo lentoasema,"(68.61335, 27.418965)","{'locationcode/name': 'Inari Ivalo lentoasema', 'locationcode/geoid': '-16000078', 'locationcode/wmo': '02807', 'locationcode/icao': 'EFIV', 'location/region': 'Inari', 'location/country': 'Finland'}",FMI
102035,Utsjoki Kevo,"(69.756365, 27.006784)","{'locationcode/name': 'Utsjoki Kevo', 'locationcode/geoid': '-16000193', 'locationcode/wmo': '02805', 'location/region': 'Utsjoki', 'location/country': 'Finland'}",FMI
102036,Utsjoki Nuorgam,"(70.082028, 27.8965)","{'locationcode/name': 'Utsjoki Nuorgam', 'locationcode/geoid': '-16000015', 'locationcode/wmo': '02825', 'location/region': 'Utsjoki', 'location/country': 'Finland'}",FMI
102042,Inari Väylä,"(69.072194, 27.4925)","{'locationcode/name': 'Inari Väylä', 'locationcode/geoid': '-16000053', 'locationcode/wmo': '02827', 'location/region': 'Inari', 'location/country': 'Finland'}",FMI
102046,Inari kirkonkylä,"(68.90523, 27.018224)","{'locationcode/name': 'Inari kirkonkylä', 'locationcode/geoid': '-102046', 'location/region': 'Inari', 'location/country': 'Finland'}",FMI
102047,Inari Kaamanen,"(69.14089, 27.26567)","{'locationcode/name': 'Inari Kaamanen', 'locationcode/geoid': '-16011671', 'locationcode/wmo': '02702', 'location/region': 'Inari', 'location/country': 'Finland'}",FMI
102052,Inari Nellim,"(68.849278, 28.299111)","{'locationcode/name': 'Inari Nellim', 'locationcode/geoid': '-16000022', 'locationcode/wmo': '02835', 'location/region': 'Inari', 'location/country': 'Finland'}",FMI
102055,Inari Kirakkajärvi,"(69.582499, 28.89409)","{'locationcode/name': 'Inari Kirakkajärvi', 'locationcode/geoid': '-16011852', 'locationcode/wmo': '02858', 'location/region': 'Inari', 'location/country': 'Finland'}",FMI
102102,Kuopio Kasarmipuisto,"(62.8936, 27.66952)","{'locationcode/name': 'Kuopio Kasarmipuisto', 'locationcode/geoid': '-102102', 'location/region': 'Kuopio', 'location/country': 'Finland'}",FMI
103093,Kuopio Maaherrankatu,"(62.89334, 27.68688)","{'locationcode/name': 'Kuopio Maaherrankatu', 'locationcode/geoid': '-103093', 'location/region': 'Kuopio', 'location/country': 'Finland'}",FMI
103094,Kuopio Sorsasalo,"(62.95529, 27.69797)","{'locationcode/name': 'Kuopio Sorsasalo', 'locationcode/geoid': '-103094', 'location/region': 'Kuopio', 'location/country': 'Finland'}",FMI
103095,Kuopio Tasavallankatu,"(62.88198, 27.66093)","{'locationcode/name': 'Kuopio Tasavallankatu', 'locationcode/geoid': '-103095', 'location/region': 'Kuopio', 'location/country': 'Finland'}",FMI
103096,Tampere Epila 2,"(61.50854, 23.67583)","{'locationcode/name': 'Tampere Epila 2', 'locationcode/geoid': '-103096', 'location/region': 'Tampere', 'location/country': 'Finland'}",FMI
103097,Tampere Kaleva,"(61.4991, 23.80221)","{'locationcode/name': 'Tampere Kaleva', 'locationcode/geoid': '-103097', 'location/region': 'Tampere', 'location/country': 'Finland'}",FMI
103098,Tampere Linja-autoasema,"(61.49307, 23.76938)","{'locationcode/name': 'Tampere Linja-autoasema', 'locationcode/geoid': '-103098', 'location/region': 'Tampere', 'location/country': 'Finland'}",FMI
103099,Tampere Pirkankatu,"(61.49873, 23.73569)","{'locationcode/name': 'Tampere Pirkankatu', 'locationcode/geoid': '-103099', 'location/region': 'Tampere', 'location/country': 'Finland'}",FMI
103100,Varkaus Psaari 2,"(62.31391, 27.88699)","{'locationcode/name': 'Varkaus Psaari 2', 'locationcode/geoid': '-103100', 'location/region': 'Varkaus', 'location/country': 'Finland'}",FMI
103102,Varkaus Taulumäki (toripaviljonki),"(62.31788, 27.86811)","{'locationcode/name': 'Varkaus Taulumäki (toripaviljonki)', 'locationcode/geoid': '-103102', 'location/region': 'Varkaus', 'location/country': 'Finland'}",FMI
103103,Vaasa Vesitorni,"(63.10121, 21.60407)","{'locationcode/name': 'Vaasa Vesitorni', 'locationcode/geoid': '-103103', 'location/region': 'Vaasa', 'location/country': 'Finland'}",FMI
103104,Vaasa keskusta Vaasanpuistikko,"(63.09515, 21.61832)","{'locationcode/name': 'Vaasa keskusta Vaasanpuistikko', 'locationcode/geoid': '-103104', 'location/region': 'Vaasa', 'location/country': 'Finland'}",FMI
103105,Kotka Kirjastotalo,"(60.4655, 26.93893)","{'locationcode/name': 'Kotka Kirjastotalo', 'locationcode/geoid': '-103105', 'location/region': 'Kotka', 'location/country': 'Finland'}",FMI
103106,Kotka Rauhala,"(60.51316, 26.94621)","{'locationcode/name': 'Kotka Rauhala', 'locationcode/geoid': '-103106', 'location/region': 'Kotka', 'location/country': 'Finland'}",FMI
103107,Kokkola keskusta Pitkänsillankatu,"(63.83764, 23.1316)","{'locationcode/name': 'Kokkola keskusta Pitkänsillankatu', 'locationcode/geoid': '-103107', 'location/region': 'Kokkola', 'location/country': 'Finland'}",FMI
103108,Kokkola Ykspihlaja,"(63.84157, 23.04219)","{'locationcode/name': 'Kokkola Ykspihlaja', 'locationcode/geoid': '-103108', 'location/region': 'Kokkola', 'location/country': 'Finland'}",FMI
103109,Hämeenlinna Niittykatu,"(60.99934, 24.45538)","{'locationcode/name': 'Hämeenlinna Niittykatu', 'locationcode/geoid': '-103109', 'location/region': 'Hämeenlinna', 'location/country': 'Finland'}",FMI
103110,Seinäjoki Vapaudentie 6a,"(62.7782, 22.83948)","{'locationcode/name': 'Seinäjoki Vapaudentie 6a', 'locationcode/geoid': '-103110', 'location/region': 'Seinäjoki', 'location/country': 'Finland'}",FMI
103112,Kouvola Kuusankoski Urheilukentäntie,"(60.9072, 26.63439)","{'locationcode/name': 'Kouvola Kuusankoski Urheilukentäntie', 'locationcode/geoid': '-103112', 'location/region': 'Kouvola', 'location/country': 'Finland'}",FMI
103113,Rauma Tarvonsaari Hallikatu,"(61.12986, 21.4997)","{'locationcode/name': 'Rauma Tarvonsaari Hallikatu', 'locationcode/geoid': '-103113', 'location/region': 'Rauma', 'location/country': 'Finland'}",FMI
103114,Lappeenranta Ihalainen,"(61.04082, 28.1765)","{'locationcode/name': 'Lappeenranta Ihalainen', 'locationcode/geoid': '-103114', 'location/region': 'Lappeenranta', 'location/country': 'Finland'}",FMI
103115,Lappeenranta Joutsenon keskusta,"(61.11709, 28.49849)","{'locationcode/name': 'Lappeenranta Joutsenon keskusta', 'locationcode/geoid': '-103115', 'location/region': 'Lappeenranta', 'location/country': 'Finland'}",FMI
103116,Lappeenranta keskusta 4,"(61.05576, 28.18431)","{'locationcode/name': 'Lappeenranta keskusta 4', 'locationcode/geoid': '-103116', 'location/region': 'Lappeenranta', 'location/country': 'Finland'}",FMI
103117,Lappeenranta Lauritsala,"(61.07194, 28.26409)","{'locationcode/name': 'Lappeenranta Lauritsala', 'locationcode/geoid': '-103117', 'location/region': 'Lappeenranta', 'location/country': 'Finland'}",FMI
103118,Imatra Mansikkala,"(61.18892, 28.77012)","{'locationcode/name': 'Imatra Mansikkala', 'locationcode/geoid': '-103118', 'location/region': 'Imatra', 'location/country': 'Finland'}",FMI
103119,Imatra Pelkolan tulliasema Raja,"(61.12838, 28.83776)","{'locationcode/name': 'Imatra Pelkolan tulliasema Raja', 'locationcode/geoid': '-103119', 'location/region': 'Imatra', 'location/country': 'Finland'}",FMI
103120,Lappeenranta Pulp,"(61.12536, 28.45078)","{'locationcode/name': 'Lappeenranta Pulp', 'locationcode/geoid': '-103120', 'location/region': 'Lappeenranta', 'location/country': 'Finland'}",FMI
103121,Imatra Rautionkylä,"(61.23807, 28.87369)","{'locationcode/name': 'Imatra Rautionkylä', 'locationcode/geoid': '-103121', 'location/region': 'Imatra', 'location/country': 'Finland'}",FMI
103122,Imatra Teppanala,"(61.15304, 28.81014)","{'locationcode/name': 'Imatra Teppanala', 'locationcode/geoid': '-103122', 'location/region': 'Imatra', 'location/country': 'Finland'}",FMI
103123,Lappeenranta Tirilä Pekkasenkatu,"(61.05748, 28.24585)","{'locationcode/name': 'Lappeenranta Tirilä Pekkasenkatu', 'locationcode/geoid': '-103123', 'location/region': 'Lappeenranta', 'location/country': 'Finland'}",FMI
103124,Oulu Nokela,"(64.99473, 25.47926)","{'locationcode/name': 'Oulu Nokela', 'locationcode/geoid': '-103124', 'location/region': 'Oulu', 'location/country': 'Finland'}",FMI
103125,Oulu keskusta 2,"(65.00997, 25.47132)","{'locationcode/name': 'Oulu keskusta 2', 'locationcode/geoid': '-103125', 'location/region': 'Oulu', 'location/country': 'Finland'}",FMI
103126,Oulu Pyykösjärvi,"(65.04338, 25.4979)","{'locationcode/name': 'Oulu Pyykösjärvi', 'locationcode/geoid': '-103126', 'location/region': 'Oulu', 'location/country': 'Finland'}",FMI
103128,Jyväskylä Palokka 2,"(62.28991, 25.71114)","{'locationcode/name': 'Jyväskylä Palokka 2', 'locationcode/geoid': '-103128', 'location/region': 'Jyväskylä', 'location/country': 'Finland'}",FMI
103129,Jämsä Seppolantie,"(61.8652, 25.19735)","{'locationcode/name': 'Jämsä Seppolantie', 'locationcode/geoid': '-103129', 'location/region': 'Jämsä', 'location/country': 'Finland'}",FMI
103130,Lahti Kisapuisto,"(60.98781, 25.64954)","{'locationcode/name': 'Lahti Kisapuisto', 'locationcode/geoid': '-103130', 'location/region': 'Lahti', 'location/country': 'Finland'}",FMI
103131,Lahti Laune Pohjoinen Liipolankatu,"(60.96704, 25.65489)","{'locationcode/name': 'Lahti Laune Pohjoinen Liipolankatu', 'locationcode/geoid': '-103131', 'location/region': 'Lahti', 'location/country': 'Finland'}",FMI
103132,Lahti Saimaankatu,"(60.99129, 25.66579)","{'locationcode/name': 'Lahti Saimaankatu', 'locationcode/geoid': '-103132', 'location/region': 'Lahti', 'location/country': 'Finland'}",FMI
103133,Lahti Satulakatu,"(60.97907, 25.59109)","{'locationcode/name': 'Lahti Satulakatu', 'locationcode/geoid': '-103133', 'location/region': 'Lahti', 'location/country': 'Finland'}",FMI
103134,Lahti Vesku 11,"(60.98389, 25.66218)","{'locationcode/name': 'Lahti Vesku 11', 'locationcode/geoid': '-103134', 'location/region': 'Lahti', 'location/country': 'Finland'}",FMI
103135,Pori Pastuskeri,"(61.66325, 21.45484)","{'locationcode/name': 'Pori Pastuskeri', 'locationcode/geoid': '-103135', 'location/region': 'Pori', 'location/country': 'Finland'}",FMI
103139,Porvoo Mustijoki,"(60.36005, 25.56605)","{'locationcode/name': 'Porvoo Mustijoki', 'locationcode/geoid': '-103139', 'location/region': 'Porvoo', 'location/country': 'Finland'}",FMI
103140,Porvoo Nyby,"(60.31718, 25.50183)","{'locationcode/name': 'Porvoo Nyby', 'locationcode/geoid': '-103140', 'location/region': 'Porvoo', 'location/country': 'Finland'}",FMI
103141,Porvoo Svartbäck,"(60.28726, 25.51083)","{'locationcode/name': 'Porvoo Svartbäck', 'locationcode/geoid': '-103141', 'location/region': 'Porvoo', 'location/country': 'Finland'}",FMI
103142,Harjavalta Kaleva,"(61.31495, 22.13671)","{'locationcode/name': 'Harjavalta Kaleva', 'locationcode/geoid': '-103142', 'location/region': 'Harjavalta', 'location/country': 'Finland'}",FMI
103143,Harjavalta Pirkkala,"(61.33169, 22.1433)","{'locationcode/name': 'Harjavalta Pirkkala', 'locationcode/geoid': '-103143', 'location/region': 'Harjavalta', 'location/country': 'Finland'}",FMI
103145,Raahe Lapaluoto,"(64.66769, 24.41928)","{'locationcode/name': 'Raahe Lapaluoto', 'locationcode/geoid': '-103145', 'location/region': 'Raahe', 'location/country': 'Finland'}",FMI
103147,Raahe keskusta,"(64.68337, 24.48162)","{'locationcode/name': 'Raahe keskusta', 'locationcode/geoid': '-103147', 'location/region': 'Raahe', 'location/country': 'Finland'}",FMI
103148,Joensuu Koskikatu 1,"(62.59909, 29.7634)","{'locationcode/name': 'Joensuu Koskikatu 1', 'locationcode/geoid': '-103148', 'location/region': 'Joensuu', 'location/country': 'Finland'}",FMI
103149,Mikkeli Porrassalmenkatu,"(61.68636, 27.27334)","{'locationcode/name': 'Mikkeli Porrassalmenkatu', 'locationcode/geoid': '-103149', 'location/region': 'Mikkeli', 'location/country': 'Finland'}",FMI
103151,Äänekoski Hiski,"(62.6017, 25.73615)","{'locationcode/name': 'Äänekoski Hiski', 'locationcode/geoid': '-103151', 'location/region': 'Äänekoski', 'location/country': 'Finland'}",FMI
103152,Pietarsaari Bottenviksvägen,"(63.67912, 22.71837)","{'locationcode/name': 'Pietarsaari Bottenviksvägen', 'locationcode/geoid': '-103152', 'location/region': 'Pietarsaari', 'location/country': 'Finland'}",FMI
103153,Luoto Vikarholmen,"(63.70287, 22.76473)","{'locationcode/name': 'Luoto Vikarholmen', 'locationcode/geoid': '-103153', 'location/region': 'Luoto', 'location/country': 'Finland'}",FMI
103786,Järvenpää Sorto,"(60.484597, 25.082073)","{'locationcode/name': 'Järvenpää Sorto', 'locationcode/geoid': '-103786', 'location/region': 'Järvenpää', 'location/country': 'Finland'}",FMI
103794,Mäntsälä Hirvihaara,"(60.627725, 25.193422)","{'locationcode/name': 'Mäntsälä Hirvihaara', 'locationcode/geoid': '-103794', 'locationcode/wmo': '02774', 'location/region': 'Mäntsälä', 'location/country': 'Finland'}",FMI
103807,Oulu Santapankki,"(65.234, 24.9692)","{'locationcode/name': 'Oulu Santapankki', 'locationcode/geoid': '-103807', 'location/region': 'Oulu', 'location/country': 'Finland'}",FMI
103808,Kalajoki Maakalla,"(64.2938, 23.5506)","{'locationcode/name': 'Kalajoki Maakalla', 'locationcode/geoid': '-103808', 'location/region': 'Kalajoki', 'location/country': 'Finland'}",FMI
103814,Hollola Kansankatu siirrettävä,"(60.98746, 25.51687)","{'locationcode/name': 'Hollola Kansankatu siirrettävä', 'locationcode/geoid': '-103814', 'location/region': 'Hollola', 'location/country': 'Finland'}",FMI
103943,Helsinki Vuosaari Käärmeniementie,"(60.21935, 25.172675)","{'locationcode/name': 'Helsinki Vuosaari Käärmeniementie', 'locationcode/geoid': '-103943', 'location/region': 'Helsinki', 'location/country': 'Finland'}",FMI
103976,Helsinki Suomenlinna aaltopoiju,"(60.123333, 24.972833)","{'locationcode/name': 'Helsinki Suomenlinna aaltopoiju', 'locationcode/geoid': '-103976', 'location/region': 'Helsinki', 'location/country': 'Finland'}",FMI
104017,Siilinjärvi Sorakuja,"(63.0724, 27.66115)","{'locationcode/name': 'Siilinjärvi Sorakuja', 'locationcode/geoid': '-104017', 'location/region': 'Siilinjärvi', 'location/country': 'Finland'}",FMI
104029,Porvoo Mannerheiminkatu,"(60.39443, 25.660691)","{'locationcode/name': 'Porvoo Mannerheiminkatu', 'locationcode/geoid': '-104029', 'location/region': 'Porvoo', 'location/country': 'Finland'}",FMI
104042,Kouvola Kuusankoski Mäkikylä,"(60.89444, 26.591671)","{'locationcode/name': 'Kouvola Kuusankoski Mäkikylä', 'locationcode/geoid': '-104042', 'location/region': 'Kouvola', 'location/country': 'Finland'}",FMI
104045,Savonlinna Olavinkatu,"(61.87059, 28.876131)","{'locationcode/name': 'Savonlinna Olavinkatu', 'locationcode/geoid': '-104045', 'location/region': 'Savonlinna', 'location/country': 'Finland'}",FMI
104048,Vantaa Lentoasema,"(60.31431, 24.97277)","{'locationcode/name': 'Vantaa Lentoasema', 'locationcode/geoid': '-104048', 'location/region': 'Vantaa', 'location/country': 'Finland'}",FMI
104053,Helsinki Katajanokka 2,"(60.16522, 24.973811)","{'locationcode/name': 'Helsinki Katajanokka 2', 'locationcode/geoid': '-104053', 'location/region': 'Helsinki', 'location/country': 'Finland'}",FMI
104058,Hyvinkää,"(60.63273, 24.861241)","{'locationcode/name': 'Hyvinkää', 'locationcode/geoid': '-104058', 'location/region': 'Hyvinkää', 'location/country': 'Finland'}",FMI
104064,Parainen,"(60.29678, 22.299271)","{'locationcode/name': 'Parainen', 'locationcode/geoid': '-104064', 'location/region': 'Parainen', 'location/country': 'Finland'}",FMI
104074,Helsinki Tapanila,"(60.26378, 25.024061)","{'locationcode/name': 'Helsinki Tapanila', 'locationcode/geoid': '-104074', 'location/region': 'Helsinki', 'location/country': 'Finland'}",FMI
104076,Vantaa Kehä III Varisto,"(60.2818, 24.824611)","{'locationcode/name': 'Vantaa Kehä III Varisto', 'locationcode/geoid': '-104076', 'location/region': 'Vantaa', 'location/country': 'Finland'}",FMI
104078,Kouvola Kankaan Koulu,"(60.87045, 26.7011)","{'locationcode/name': 'Kouvola Kankaan Koulu', 'locationcode/geoid': '-104078', 'location/region': 'Kouvola', 'location/country': 'Finland'}",FMI
104080,Vantaa Ruskeasanta 2,"(60.31203, 25.011031)","{'locationcode/name': 'Vantaa Ruskeasanta 2', 'locationcode/geoid': '-104080', 'location/region': 'Vantaa', 'location/country': 'Finland'}",FMI
104083,Vantaa Hämeenlinnanväylä,"(60.27196, 24.87451)","{'locationcode/name': 'Vantaa Hämeenlinnanväylä', 'locationcode/geoid': '-104083', 'location/region': 'Vantaa', 'location/country': 'Finland'}",FMI
104091,Nastola Rakokiventie siirrettävä,"(60.93642, 25.961351)","{'locationcode/name': 'Nastola Rakokiventie siirrettävä', 'locationcode/geoid': '-104091', 'location/region': 'Lahti', 'location/country': 'Finland'}",FMI
104092,Lahti Holma,"(61.00785, 25.679131)","{'locationcode/name': 'Lahti Holma', 'location/country': 'Finland'}",FMI
104096,Hollola Muovitie,"(60.99668, 25.534771)","{'locationcode/name': 'Hollola Muovitie', 'locationcode/geoid': '-104096', 'location/region': 'Hollola', 'location/country': 'Finland'}",FMI
104097,Nastola Kukkasen koulu,"(60.94898, 25.908831)","{'locationcode/name': 'Nastola Kukkasen koulu', 'locationcode/geoid': '-104097', 'location/region': 'Lahti', 'location/country': 'Finland'}",FMI
104098,Kuopio Niirala,"(62.88875, 27.653971)","{'locationcode/name': 'Kuopio Niirala', 'locationcode/geoid': '-104098', 'location/region': 'Kuopio', 'location/country': 'Finland'}",FMI
104099,Siilinjärvi Pahkamäki,"(63.17527, 27.7711)","{'locationcode/name': 'Siilinjärvi Pahkamäki', 'locationcode/geoid': '-104099', 'location/region': 'Siilinjärvi', 'location/country': 'Finland'}",FMI
104105,Helsinki Töölöntulli,"(60.19034, 24.915731)","{'locationcode/name': 'Helsinki Töölöntulli', 'locationcode/geoid': '-104105', 'location/region': 'Helsinki', 'location/country': 'Finland'}",FMI
104108,Pieksämäki Savontie,"(62.30087, 27.1581)","{'locationcode/name': 'Pieksämäki Savontie', 'locationcode/geoid': '-104108', 'location/region': 'Pieksämäki', 'location/country': 'Finland'}",FMI
104109,Hailuoto Kujalannurkka,"(65.00036, 24.690661)","{'locationcode/name': 'Hailuoto Kujalannurkka', 'locationcode/geoid': '-104109', 'location/region': 'Hailuoto', 'location/country': 'Finland'}",FMI
104113,Jämsä Lääkäritalo,"(61.86922, 25.20081)","{'locationcode/name': 'Jämsä Lääkäritalo', 'locationcode/geoid': '-104113', 'location/region': 'Jämsä', 'location/country': 'Finland'}",FMI
104188,Varkaus kaupungintalo,"(62.31238, 27.886721)","{'locationcode/name': 'Varkaus kaupungintalo', 'locationcode/geoid': '-104188', 'location/region': 'Varkaus', 'location/country': 'Finland'}",FMI
104340,Espoo Matinkylä,"(60.16433, 24.751821)","{'locationcode/name': 'Espoo Matinkylä', 'locationcode/geoid': '-104340', 'location/region': 'Espoo', 'location/country': 'Finland'}",FMI
104600,Pori Kaijakari,"(61.6228, 21.3962)","{'locationcode/name': 'Pori Kaijakari', 'locationcode/geoid': '-104600', 'location/region': 'Pori', 'location/country': 'Finland'}",FMI
104796,Lahti Sopenkorpi,"(60.974654, 25.620202)","{'locationcode/name': 'Lahti Sopenkorpi', 'locationcode/geoid': '-104796', 'location/region': 'Lahti', 'location/country': 'Finland'}",FMI
105302,Siuntio Sjundby,"(60.143328, 24.262379)","{'locationcode/name': 'Siuntio Sjundby', 'locationcode/geoid': '-105302', 'location/region': 'Siuntio', 'location/country': 'Finland'}",FMI
105392,Sipoo Itätoukki,"(60.101207, 25.194394)","{'locationcode/name': 'Sipoo Itätoukki', 'locationcode/geoid': '-105392', 'location/region': 'Sipoo', 'location/country': 'Finland'}",FMI
105409,Kouvola Inkeroinen tehtaanmäen koulu,"(60.70653, 26.82763)","{'locationcode/name': 'Kouvola Inkeroinen tehtaanmäen koulu', 'locationcode/geoid': '-105409', 'location/region': 'Kouvola', 'location/country': 'Finland'}",FMI
105416,Heinola Tiilitehtaankatu,"(61.20049, 26.04694)","{'locationcode/name': 'Heinola Tiilitehtaankatu', 'locationcode/geoid': '-105416', 'location/region': 'Heinola', 'location/country': 'Finland'}",FMI
105425,Siilinjärvi Musti,"(63.19622, 27.73654)","{'locationcode/name': 'Siilinjärvi Musti', 'locationcode/geoid': '-105425', 'location/region': 'Kuusamo', 'location/country': 'Finland'}",FMI
105427,Rauma Pyynpää,"(61.136631, 21.515327)","{'locationcode/name': 'Rauma Pyynpää', 'locationcode/geoid': '-105427', 'location/region': 'Rauma', 'location/country': 'Finland'}",FMI
106415,Hamina Satama ratapiha,"(60.54113, 27.16218)","{'locationcode/name': 'Hamina Satama ratapiha', 'locationcode/geoid': '-106415', 'location/region': 'Hamina', 'location/country': 'Finland'}",FMI
106417,Varkaus Kosulanniemi Rantalankatu,"(62.31728, 27.91195)","{'locationcode/name': 'Varkaus Kosulanniemi Rantalankatu', 'locationcode/geoid': '-106417', 'location/region': 'Varkaus', 'location/country': 'Finland'}",FMI
106418,Savonlinna Haapasalmi,"(61.86918, 28.88585)","{'locationcode/name': 'Savonlinna Haapasalmi', 'locationcode/geoid': '-106418', 'location/region': 'Savonlinna', 'location/country': 'Finland'}",FMI
106419,Raisio Kaanaa Sakunpiha,"(60.46574, 22.10435)","{'locationcode/name': 'Raisio Kaanaa Sakunpiha', 'locationcode/geoid': '-106419', 'location/region': 'Raisio', 'location/country': 'Finland'}",FMI
106420,Pori Paanakedonkatu,"(61.48226, 21.81329)","{'locationcode/name': 'Pori Paanakedonkatu', 'locationcode/geoid': '-106420', 'location/region': 'Pori', 'location/country': 'Finland'}",FMI
106435,Muonio kirkonkylä,"(67.958293, 23.68449)","{'locationcode/name': 'Muonio kirkonkylä', 'locationcode/geoid': '-106435', 'locationcode/wmo': '02823', 'location/region': 'Muonio', 'location/country': 'Finland'}",FMI
106629,Siilinjärvi Murtomäki,"(63.13657, 27.70455)","{'locationcode/name': 'Siilinjärvi Murtomäki', 'locationcode/geoid': '-106629', 'location/region': 'Siilinjärvi', 'location/country': 'Finland'}",FMI
106630,Raisio Ihala,"(60.47038, 22.1902)","{'locationcode/name': 'Raisio Ihala', 'locationcode/geoid': '-106630', 'location/region': 'Raisio', 'location/country': 'Finland'}",FMI
106631,Uusikaupunki Vekara,"(60.8679, 21.0469)","{'locationcode/name': 'Uusikaupunki Vekara', 'locationcode/geoid': '-106631', 'location/region': 'Uusikaupunki', 'location/country': 'Finland'}",FMI
106796,Jyväskylä Hannikaisenkatu,"(62.23817, 25.74788)","{'locationcode/name': 'Jyväskylä Hannikaisenkatu', 'locationcode/geoid': '-106796', 'location/region': 'Jyväskylä', 'location/country': 'Finland'}",FMI
106797,Turku Kauppatori väliaikainen,"(60.452, 22.2668)","{'locationcode/name': 'Turku Kauppatori väliaikainen', 'locationcode/geoid': '-106797', 'location/region': 'Turku', 'location/country': 'Finland'}",FMI
106948,Helsinki Länsisatama 4,"(60.15521, 24.92178)","{'locationcode/name': 'Helsinki Länsisatama 4', 'locationcode/geoid': '-106948', 'location/region': 'Helsinki', 'location/country': 'Finland'}",FMI
106949,Espoo Länsiväylä Friisilä,"(60.1613, 24.71205)","{'locationcode/name': 'Espoo Länsiväylä Friisilä', 'locationcode/geoid': '-106949', 'location/region': 'Espoo', 'location/country': 'Finland'}",FMI
106950,Helsinki Pirkkola,"(60.23422, 24.92232)","{'locationcode/name': 'Helsinki Pirkkola', 'locationcode/geoid': '-106950', 'location/region': 'Helsinki', 'location/country': 'Finland'}",FMI
106951,Vantaa Tikkurila Talvikkitie,"(60.29509, 25.03316)","{'locationcode/name': 'Vantaa Tikkurila Talvikkitie', 'locationcode/geoid': '-106951', 'location/region': 'Vantaa', 'location/country': 'Finland'}",FMI
106953,Kirkkonummi keskusta,"(60.13022, 24.42632)","{'locationcode/name': 'Kirkkonummi keskusta', 'locationcode/geoid': '-106953', 'location/region': 'Kirkkonummi', 'location/country': 'Finland'}",FMI
106954,Kuopio Savilahti KYS,"(62.89553, 27.64725)","{'locationcode/name': 'Kuopio Savilahti KYS', 'locationcode/geoid': '-106954', 'location/region': 'Kuopio', 'location/country': 'Finland'}",FMI
107026,Siilinjärvi Kuuslahti,"(63.12723, 27.77178)","{'locationcode/name': 'Siilinjärvi Kuuslahti', 'locationcode/geoid': '-107026', 'location/region': 'Siilinjärvi', 'location/country': 'Finland'}",FMI
107029,Pyhtää lentokenttä,"(60.485947, 26.592089)","{'locationcode/name': 'Pyhtää lentokenttä', 'locationcode/geoid': '-107029', 'location/region': 'Pyhtää', 'location/country': 'Finland'}",FMI
107033,Maalahti Storskäret,"(63.1076, 20.8185)","{'locationcode/name': 'Maalahti Storskäret', 'locationcode/geoid': '-107033', 'location/region': 'Maalahti', 'location/country': 'Finland'}",FMI
107063,Varkaus Kommila terveyskeskus,"(62.3286, 27.89)","{'locationcode/name': 'Varkaus Kommila terveyskeskus', 'locationcode/geoid': '-107063', 'location/region': 'Varkaus', 'location/country': 'Finland'}",FMI
107081,Kuusamo Välikangas,"(65.99763, 29.22268)","{'locationcode/name': 'Kuusamo Välikangas', 'locationcode/geoid': '-107081', 'location/region': 'Kuusamo', 'location/country': 'Finland'}",FMI
107113,Sotkamo Tuhkakylä,"(63.996179, 28.059716)","{'locationcode/name': 'Sotkamo Tuhkakylä', 'locationcode/geoid': '-107113', 'location/region': 'Sotkamo', 'location/country': 'Finland'}",FMI
107135,Siilinjärvi Vuorelantie,"(62.97529, 27.702)","{'locationcode/name': 'Siilinjärvi Vuorelantie', 'locationcode/geoid': '-107135', 'location/region': 'Siilinjärvi', 'location/country': 'Finland'}",FMI
107147,Lohja Harjula,"(60.24903, 24.06947)","{'locationcode/name': 'Lohja Harjula', 'locationcode/geoid': '-107147', 'location/region': 'Lohja', 'location/country': 'Finland'}",FMI
107148,Espoo Otaniemi Kehä I,"(60.18034, 24.82224)","{'locationcode/name': 'Espoo Otaniemi Kehä I', 'locationcode/geoid': '-107148', 'location/region': 'Espoo', 'location/country': 'Finland'}",FMI
107164,Kotka Mussalo satama/siirrettävä,"(60.42839, 26.9172)","{'locationcode/name': 'Kotka Mussalo satama/siirrettävä', 'locationcode/geoid': '-107164', 'location/region': 'Kotka', 'location/country': 'Finland'}",FMI
107165,Helsinki Paloheinä,"(60.25004, 24.93942)","{'locationcode/name': 'Helsinki Paloheinä', 'locationcode/geoid': '-107165', 'location/region': 'Helsinki', 'location/country': 'Finland'}",FMI
107166,Hyvinkää Kruununpuisto,"(60.61923, 24.85786)","{'locationcode/name': 'Hyvinkää Kruununpuisto', 'locationcode/geoid': '-107166', 'location/region': 'Hyvinkää', 'location/country': 'Finland'}",FMI
107167,Kotka Metsäkulma,"(60.50219, 26.97073)","{'locationcode/name': 'Kotka Metsäkulma', 'locationcode/geoid': '-107167', 'location/region': 'Kotka', 'location/country': 'Finland'}",FMI
107168,Äänekoski Paloasema,"(62.602285, 25.739853)","{'locationcode/name': 'Äänekoski Paloasema', 'locationcode/geoid': '-107168', 'location/region': 'Äänekoski', 'location/country': 'Finland'}",FMI
107201,Tervola Loue,"(66.153439, 24.9901)","{'locationcode/name': 'Tervola Loue', 'locationcode/geoid': '-107201', 'location/region': 'Tervola', 'location/country': 'Finland'}",FMI
107218,Kemi Keskusta,"(65.733541, 24.562148)","{'locationcode/name': 'Kemi Keskusta', 'locationcode/geoid': '-107218', 'location/region': 'Kemi', 'location/country': 'Finland'}",FMI
107268,Siilinjärvi Sulkavanniitty,"(63.08796, 27.68636)","{'locationcode/name': 'Siilinjärvi Sulkavanniitty', 'locationcode/geoid': '-107268', 'location/region': 'Siilinjärvi', 'location/country': 'Finland'}",FMI
107280,Tuusula Vaunukangas,"(60.40867, 25.0015)","{'locationcode/name': 'Tuusula Vaunukangas', 'locationcode/geoid': '-107280', 'location/region': 'Tuusula', 'location/country': 'Finland'}",FMI
107281,Vantaa Ylästö,"(60.27807, 24.90711)","{'locationcode/name': 'Vantaa Ylästö', 'locationcode/geoid': '-107281', 'location/region': 'Vantaa', 'location/country': 'Finland'}",FMI
107282,Lahti Mustamäenkatu,"(60.96271, 25.64369)","{'locationcode/name': 'Lahti Mustamäenkatu', 'locationcode/geoid': '-107282', 'location/region': 'Lahti', 'location/country': 'Finland'}",FMI
107284,Kemi Biotuotetehdas,"(65.75865, 24.53986)","{'locationcode/name': 'Kemi Biotuotetehdas', 'locationcode/geoid': '-107284', 'location/region': 'Kemi', 'location/country': 'Finland'}",FMI
107285,Kotka Ruukinkatu,"(60.46802, 26.95146)","{'locationcode/name': 'Kotka Ruukinkatu', 'locationcode/geoid': '-107285', 'location/region': 'Kotka', 'location/country': 'Finland'}",FMI
107379,Lappeenranta Ojala-Tuomela,"(61.034338, 28.212409)","{'locationcode/name': 'Lappeenranta Ojala-Tuomela', 'locationcode/geoid': '-107379', 'location/region': 'Lappeenranta', 'location/country': 'Finland'}",FMI
107382,Varkaus Kommila,"(62.3291, 27.8857)","{'locationcode/name': 'Varkaus Kommila', 'locationcode/geoid': '-107382', 'location/region': 'Varkaus', 'location/country': 'Finland'}",FMI
107383,Maarianhamina Lotsberget,"(60.087643, 19.935463)","{'locationcode/name': 'Maarianhamina Lotsberget', 'locationcode/geoid': '-107383', 'location/region': 'Maarianhamina', 'location/country': 'Finland'}",FMI
107392,Heinola Tommola,"(61.200103, 26.049268)","{'locationcode/name': 'Heinola Tommola', 'locationcode/geoid': '-107392', 'location/region': 'Heinola', 'location/country': 'Finland'}",FMI
107393,Heinola Vierumäki,"(61.107559, 25.930068)","{'locationcode/name': 'Heinola Vierumäki', 'locationcode/geoid': '-107393', 'location/region': 'Heinola', 'location/country': 'Finland'}",FMI
107399,Espoo Pohjois-Tapiola 2,"(60.18289, 24.79345)","{'locationcode/name': 'Espoo Pohjois-Tapiola 2', 'locationcode/geoid': '-107399', 'location/region': 'Espoo', 'location/country': 'Finland'}",FMI
107400,Järvenpää Helsingintie,"(60.46972, 25.08735)","{'locationcode/name': 'Järvenpää Helsingintie', 'locationcode/geoid': '-107400', 'location/region': 'Järvenpää', 'location/country': 'Finland'}",FMI
107401,Jyväskylä Jyskä,"(62.2415, 25.8415)","{'locationcode/name': 'Jyväskylä Jyskä', 'locationcode/geoid': '-107401', 'location/region': 'Jyväskylä', 'location/country': 'Finland'}",FMI
107541,Kuopio Kurkimäki,"(62.78102, 27.49677)","{'locationcode/name': 'Kuopio Kurkimäki', 'locationcode/geoid': '-107541', 'location/region': 'Kuopio', 'location/country': 'Finland'}",FMI
107542,Siilinjärvi Ranta,"(63.11134, 27.76019)","{'locationcode/name': 'Siilinjärvi Ranta', 'locationcode/geoid': '-107542', 'location/region': 'Siilinjärvi', 'location/country': 'Finland'}",FMI
107543,Lohja Moisio,"(60.25294, 24.07861)","{'locationcode/name': 'Lohja Moisio', 'locationcode/geoid': '-107543', 'location/region': 'Lohja', 'location/country': 'Finland'}",FMI
107563,Lappeenranta Ihalainen 2,"(61.03879, 28.17635)","{'locationcode/name': 'Lappeenranta Ihalainen 2', 'locationcode/geoid': '-107563', 'location/region': 'Lappeenranta', 'location/country': 'Finland'}",FMI
107569,Turku Kauppatori 2,"(60.45183, 22.26783)","{'locationcode/name': 'Turku Kauppatori 2', 'locationcode/geoid': '-107569', 'location/region': 'Turku', 'location/country': 'Finland'}",FMI
126736,Kajaani Petäisenniska,"(64.216775, 27.751937)","{'locationcode/name': 'Kajaani Petäisenniska', 'locationcode/geoid': '-10022731', 'locationcode/wmo': '02883', 'location/region': 'Kajaani', 'location/country': 'Finland'}",FMI
126737,Utsjoki Kevo Kevojärvi,"(69.757, 27.012)","{'locationcode/name': 'Utsjoki Kevo Kevojärvi', 'locationcode/geoid': '-16011866', 'locationcode/wmo': '02890', 'location/region': 'Utsjoki', 'location/country': 'Finland'}",FMI
129963,Inari Seitalaassa,"(69.048514, 27.756794)","{'locationcode/name': 'Inari Seitalaassa', 'locationcode/geoid': '-16011881', 'locationcode/wmo': '02888', 'location/region': 'Inari', 'location/country': 'Finland'}",FMI
132310,Helsinki Kaivopuisto,"(60.15363, 24.95622)","{'locationcode/name': 'Helsinki Kaivopuisto', 'locationcode/geoid': '-10022814', 'location/region': 'Helsinki', 'location/country': 'Finland'}",FMI
134220,Pohjois-Itämeri aaltopoiju,"(59.248167, 20.998333)","{'locationcode/name': 'Pohjois-Itämeri aaltopoiju', 'locationcode/geoid': '-10022811', 'location/region': 'Helsinki', 'location/country': 'Finland'}",FMI
134221,Suomenlahti aaltopoiju,"(59.965, 25.235)","{'locationcode/name': 'Suomenlahti aaltopoiju', 'locationcode/geoid': '-10022810', 'location/region': 'Sipoo', 'location/country': 'Finland'}",FMI
134223,Vaasa Vaskiluoto,"(63.0815, 21.57118)","{'locationcode/name': 'Vaasa Vaskiluoto', 'locationcode/geoid': '-10022815', 'location/region': 'Vaasa', 'location/country': 'Finland'}",FMI
134224,Rauma Petäjäs,"(61.133896, 21.442631)","{'locationcode/name': 'Rauma Petäjäs', 'locationcode/geoid': '-10022816', 'location/region': 'Rauma', 'location/country': 'Finland'}",FMI
134225,Turku Ruissalo Saaronniemi,"(60.42828, 22.100533)","{'locationcode/name': 'Turku Ruissalo Saaronniemi', 'locationcode/geoid': '-10022817', 'location/region': 'Turku', 'location/country': 'Finland'}",FMI
134246,Selkämeri aaltopoiju,"(61.8001, 20.23267)","{'locationcode/name': 'Selkämeri aaltopoiju', 'locationcode/geoid': '-10022812', 'location/region': 'Helsinki', 'location/country': 'Finland'}",FMI
134248,Oulu Toppila,"(65.0403, 25.4182)","{'locationcode/name': 'Oulu Toppila', 'locationcode/geoid': '-10022818', 'location/region': 'Oulu', 'location/country': 'Finland'}",FMI
134250,Pietarsaari Leppäluoto,"(63.70857, 22.68958)","{'locationcode/name': 'Pietarsaari Leppäluoto', 'locationcode/geoid': '-10022819', 'location/region': 'Pietarsaari', 'location/country': 'Finland'}",FMI
134251,Kaskinen Ådskär,"(62.34395, 21.21483)","{'locationcode/name': 'Kaskinen Ådskär', 'locationcode/geoid': '-10022820', 'location/region': 'Kaskinen', 'location/country': 'Finland'}",FMI
134252,Föglö Degerby,"(60.031883, 20.384817)","{'locationcode/name': 'Föglö Degerby', 'locationcode/geoid': '-10022821', 'location/region': 'Föglö', 'location/country': 'Finland'}",FMI
134253,Hanko Pikku Kolalahti,"(59.822867, 22.976583)","{'locationcode/name': 'Hanko Pikku Kolalahti', 'locationcode/geoid': '-10022822', 'location/region': 'Hanko', 'location/country': 'Finland'}",FMI
134254,Hamina Pitäjänsaari,"(60.562767, 27.1792)","{'locationcode/name': 'Hamina Pitäjänsaari', 'locationcode/geoid': '-10022823', 'location/region': 'Hamina', 'location/country': 'Finland'}",FMI
134266,Pori Mäntyluoto Kallo,"(61.59438, 21.46343)","{'locationcode/name': 'Pori Mäntyluoto Kallo', 'locationcode/geoid': '-10022824', 'location/region': 'Pori', 'location/country': 'Finland'}",FMI
137188,Ilmajoki Seinäjoki lentoasema,"(62.685713, 22.842723)","{'locationcode/name': 'Ilmajoki Seinäjoki lentoasema', 'locationcode/geoid': '-137188', 'locationcode/icao': 'EFSI', 'location/region': 'Ilmajoki', 'location/country': 'Finland'}",FMI
137190,Rovaniemi lentoasema AWOS,"(66.57283, 25.848647)","{'locationcode/name': 'Rovaniemi lentoasema AWOS', 'locationcode/geoid': '-137190', 'locationcode/icao': 'EFRO', 'location/region': 'Rovaniemi', 'location/country': 'Finland'}",FMI
137208,Jyväskylä lentoasema AWOS,"(62.393322, 25.688617)","{'locationcode/name': 'Jyväskylä lentoasema AWOS', 'locationcode/geoid': '-137208', 'locationcode/icao': 'EFJY', 'location/region': 'Jyväskylä', 'location/country': 'Finland'}",FMI
137228,Perämeri aaltopoiju,"(64.6841, 23.238)","{'locationcode/name': 'Perämeri aaltopoiju', 'locationcode/geoid': '-10022813', 'location/region': 'Helsinki', 'location/country': 'Finland'}",FMI
150168,Puumala kirkonkylä,"(61.52242, 28.18491)","{'locationcode/name': 'Puumala kirkonkylä', 'locationcode/geoid': '-16011879', 'locationcode/wmo': '02718', 'location/region': 'Puumala', 'location/country': 'Finland'}",FMI
151028,Helsinki Vuosaari satama,"(60.20867, 25.1959)","{'locationcode/name': 'Helsinki Vuosaari satama', 'locationcode/geoid': '-16011877', 'location/region': 'Helsinki', 'location/country': 'Finland'}",FMI
151029,Maarianhamina Länsisatama,"(60.091359, 19.929101)","{'locationcode/name': 'Maarianhamina Länsisatama', 'locationcode/geoid': '-10022795', 'locationcode/wmo': '02997', 'location/region': 'Maarianhamina', 'location/country': 'Finland'}",FMI
151048,Lumparland Långnäs satama,"(60.115843, 20.297649)","{'locationcode/name': 'Lumparland Långnäs satama', 'locationcode/geoid': '-16011876', 'locationcode/wmo': '02724', 'location/region': 'Lumparland', 'location/country': 'Finland'}",FMI
654900,Hanko Längden,"(59.7572, 23.22)","{'locationcode/name': 'Hanko Längden', 'locationcode/geoid': '-654900', 'location/region': 'Raasepori', 'location/country': 'Finland'}",FMI
654910,Espoo Kytö,"(60.0576, 24.7248)","{'locationcode/name': 'Espoo Kytö', 'locationcode/geoid': '-654910', 'location/region': 'Espoo', 'location/country': 'Finland'}",FMI
654923,Kemiönsaari Kalvören,"(59.9038, 22.6274)","{'locationcode/name': 'Kemiönsaari Kalvören', 'locationcode/geoid': '-654923', 'location/region': 'Kemiönsaari', 'location/country': 'Finland'}",FMI
778135,Kittilä Lompolonvuoma,"(67.997459, 24.209546)","{'locationcode/name': 'Kittilä Lompolonvuoma', 'locationcode/geoid': '-778135', 'locationcode/wmo': '02764', 'location/region': 'Kittilä', 'location/country': 'Finland'}",FMI
778578,Rauma Sinisaari,"(61.1247, 21.49343)","{'locationcode/name': 'Rauma Sinisaari', 'locationcode/geoid': '-778578', 'location/region': 'Rauma', 'location/country': 'Finland'}",FMI
806428,Kuusamo Ruka Talvijärvi,"(66.171599, 29.136459)","{'locationcode/name': 'Kuusamo Ruka Talvijärvi', 'locationcode/geoid': '-806428', 'locationcode/wmo': '02760', 'location/region': 'Kuusamo', 'location/country': 'Finland'}",FMI
852678,Espoo Nuuksio,"(60.291281, 24.567815)","{'locationcode/name': 'Espoo Nuuksio', 'locationcode/geoid': '-852678', 'locationcode/wmo': '02986', 'location/region': 'Espoo', 'location/country': 'Finland'}",FMI
855522,Mikkeli Lentoasema AWOS,"(61.68751, 27.20671)","{'locationcode/name': 'Mikkeli Lentoasema AWOS', 'locationcode/geoid': '-855522', 'locationcode/icao': 'EFMI', 'location/region': 'Mikkeli', 'location/country': 'Finland'}",FMI
874863,Espoo Tapiola,"(60.177967, 24.787433)","{'locationcode/name': 'Espoo Tapiola', 'locationcode/geoid': '-874863', 'locationcode/wmo': '02985', 'location/region': 'Espoo', 'location/country': 'Finland'}",FMI
